app,fixture,run,status,window_proxy_ms,checkpoint_rss_mib,checkpoint_private_mib,checkpoint_processes,cpu_ms_per_second,sample_duration_s,exe_sha256,fixture_sha256
typora,gfm-math-images-100k.md,2,window-observed,298.183,883.316,366.609,6,0.0,1.0103,3d3804b5be42dedab376be01ac2dd19d60995d04d7b0f2938daac8d9f561a8ff,771478d23dc1d5ab205db29e23c97f4eb2e28d7a6ecf37cf87298b647bc42594
marky,stress-2m.md,1,window-observed,72.72,1502.23,1208.465,3,1343.474,1.0123,d9e29b70534adf2c2b6004de8c98cf81521ae158944a708b4fcdd21d7c99e452,009f32e8adcad5a962d96c6f864fb0412255cf4ed4b2b0c6aa0f684395daa23e
fmv,stress-2m.md,3,window-observed,446.507,427.312,366.355,1,1033.951,1.0059,60dc3377d0280fb2e48f54660d7cfebc5ee5f1334d2e23be9a844bde60045d7a,009f32e8adcad5a962d96c6f864fb0412255cf4ed4b2b0c6aa0f684395daa23e
marky,ordinary-5k.md,2,window-observed,74.309,703.82,410.105,3,803.002,1.0087,d9e29b70534adf2c2b6004de8c98cf81521ae158944a708b4fcdd21d7c99e452,0b7ad3f74990c566da95984bd29019d7c5399c2ac2995e08b1dd6c01d315731d
mdview-zig,stress-2m.md,2,exited--11,,0.0,0.0,0,0.0,1.0021,7b3326a555c0d319e217b217932eef9369d9021322f68a4e7e0309d7a515655e,009f32e8adcad5a962d96c6f864fb0412255cf4ed4b2b0c6aa0f684395daa23e
marky,gfm-math-images-100k.md,4,window-observed,83.086,785.219,491.324,3,882.257,1.0088,d9e29b70534adf2c2b6004de8c98cf81521ae158944a708b4fcdd21d7c99e452,771478d23dc1d5ab205db29e23c97f4eb2e28d7a6ecf37cf87298b647bc42594
fmv,gfm-math-images-100k.md,1,window-observed,124.395,192.922,131.887,1,1474.396,1.0038,60dc3377d0280fb2e48f54660d7cfebc5ee5f1334d2e23be9a844bde60045d7a,771478d23dc1d5ab205db29e23c97f4eb2e28d7a6ecf37cf87298b647bc42594
fmv,stress-2m.md,4,window-observed,349.018,408.121,347.141,1,1023.493,1.0064,60dc3377d0280fb2e48f54660d7cfebc5ee5f1334d2e23be9a844bde60045d7a,009f32e8adcad5a962d96c6f864fb0412255cf4ed4b2b0c6aa0f684395daa23e
aydiler,stress-2m.md,3,window-observed,1143.236,1070.457,1007.738,1,0.0,1.0046,cb1f70db3b2150b91e7d49bb140c794a04ce0ab8e04d88d69727dbddcbac9a39,009f32e8adcad5a962d96c6f864fb0412255cf4ed4b2b0c6aa0f684395daa23e
markmello,gfm-math-images-100k.md,4,window-observed,296.787,361.316,296.363,1,0.0,1.0052,dbd3760216650d16334de575263ba71d9234a9333ba7d673dbadbac260353705,771478d23dc1d5ab205db29e23c97f4eb2e28d7a6ecf37cf87298b647bc42594
fmv,stress-2m.md,2,window-observed,374.435,427.668,366.719,1,1024.664,1.0052,60dc3377d0280fb2e48f54660d7cfebc5ee5f1334d2e23be9a844bde60045d7a,009f32e8adcad5a962d96c6f864fb0412255cf4ed4b2b0c6aa0f684395daa23e
marky,gfm-math-images-100k.md,2,window-observed,68.151,800.852,506.605,3,922.574,1.008,d9e29b70534adf2c2b6004de8c98cf81521ae158944a708b4fcdd21d7c99e452,771478d23dc1d5ab205db29e23c97f4eb2e28d7a6ecf37cf87298b647bc42594
obsidian,stress-2m.md,3,renderer-exited,763.232,191.598,94.773,5,0.0,1.0059,4d5379efcd4909bc9a9bff25636d9ef39ee4677cc83af9d285d7d89792015739,009f32e8adcad5a962d96c6f864fb0412255cf4ed4b2b0c6aa0f684395daa23e
typora,ordinary-5k.md,3,window-observed,799.956,787.52,335.414,6,0.0,1.0096,3d3804b5be42dedab376be01ac2dd19d60995d04d7b0f2938daac8d9f561a8ff,0b7ad3f74990c566da95984bd29019d7c5399c2ac2995e08b1dd6c01d315731d
marktext,stress-2m.md,3,window-observed,1338.084,1305.113,204.18,5,9.914,1.0087,6d2a2ce754b755637076692a502cd29165d80d1b773d5b5482f4bfccf76a2acf,009f32e8adcad5a962d96c6f864fb0412255cf4ed4b2b0c6aa0f684395daa23e
aydiler,ordinary-5k.md,5,window-observed,407.142,299.336,291.84,1,0.0,1.0042,cb1f70db3b2150b91e7d49bb140c794a04ce0ab8e04d88d69727dbddcbac9a39,0b7ad3f74990c566da95984bd29019d7c5399c2ac2995e08b1dd6c01d315731d
obsidian,ordinary-5k.md,3,window-observed,541.075,811.816,341.531,6,0.0,1.0103,4d5379efcd4909bc9a9bff25636d9ef39ee4677cc83af9d285d7d89792015739,0b7ad3f74990c566da95984bd29019d7c5399c2ac2995e08b1dd6c01d315731d
vscode-preview,gfm-math-images-100k.md,2,window-observed,930.178,2223.582,547.562,10,117.736,1.0192,5dcf32d814a227f8626426e00708caa6c8f5469980322265a1c398a6458082bc,771478d23dc1d5ab205db29e23c97f4eb2e28d7a6ecf37cf87298b647bc42594
obsidian,stress-2m.md,2,renderer-exited,494.309,186.887,90.254,5,-8355.358,1.0065,4d5379efcd4909bc9a9bff25636d9ef39ee4677cc83af9d285d7d89792015739,009f32e8adcad5a962d96c6f864fb0412255cf4ed4b2b0c6aa0f684395daa23e
mdview-zig,gfm-math-images-100k.md,3,exited--11,,0.0,0.0,0,0.0,1.0023,7b3326a555c0d319e217b217932eef9369d9021322f68a4e7e0309d7a515655e,771478d23dc1d5ab205db29e23c97f4eb2e28d7a6ecf37cf87298b647bc42594
markmello,stress-2m.md,2,window-observed,842.16,1123.855,1118.773,1,1000.075,1.0099,dbd3760216650d16334de575263ba71d9234a9333ba7d673dbadbac260353705,009f32e8adcad5a962d96c6f864fb0412255cf4ed4b2b0c6aa0f684395daa23e
vscode-preview,gfm-math-images-100k.md,4,window-observed,719.169,2249.918,559.145,10,167.134,1.0172,5dcf32d814a227f8626426e00708caa6c8f5469980322265a1c398a6458082bc,771478d23dc1d5ab205db29e23c97f4eb2e28d7a6ecf37cf87298b647bc42594
mdview-zig,stress-2m.md,4,exited--11,,0.0,0.0,0,0.0,1.0021,7b3326a555c0d319e217b217932eef9369d9021322f68a4e7e0309d7a515655e,009f32e8adcad5a962d96c6f864fb0412255cf4ed4b2b0c6aa0f684395daa23e
obsidian,stress-2m.md,1,renderer-exited,486.154,191.633,94.203,5,-5055.669,1.0068,4d5379efcd4909bc9a9bff25636d9ef39ee4677cc83af9d285d7d89792015739,009f32e8adcad5a962d96c6f864fb0412255cf4ed4b2b0c6aa0f684395daa23e
vscode-preview,gfm-math-images-100k.md,3,window-observed,756.948,2248.004,574.781,10,59.241,1.0128,5dcf32d814a227f8626426e00708caa6c8f5469980322265a1c398a6458082bc,771478d23dc1d5ab205db29e23c97f4eb2e28d7a6ecf37cf87298b647bc42594
md-preview,ordinary-5k.md,4,window-observed,169.199,607.73,327.699,3,614.446,1.009,06dc8f0622977971d368cd3243913f0c5502bb399802a429130bb1e0b53f2b87,0b7ad3f74990c566da95984bd29019d7c5399c2ac2995e08b1dd6c01d315731d
mdview-zig,gfm-math-images-100k.md,1,exited--11,,0.0,0.0,0,0.0,1.0024,7b3326a555c0d319e217b217932eef9369d9021322f68a4e7e0309d7a515655e,771478d23dc1d5ab205db29e23c97f4eb2e28d7a6ecf37cf87298b647bc42594
marktext,stress-2m.md,4,window-observed,1933.017,1314.645,204.387,5,9.927,1.0074,6d2a2ce754b755637076692a502cd29165d80d1b773d5b5482f4bfccf76a2acf,009f32e8adcad5a962d96c6f864fb0412255cf4ed4b2b0c6aa0f684395daa23e
md-preview,gfm-math-images-100k.md,5,window-observed,58.149,737.953,455.527,3,702.583,1.0106,06dc8f0622977971d368cd3243913f0c5502bb399802a429130bb1e0b53f2b87,771478d23dc1d5ab205db29e23c97f4eb2e28d7a6ecf37cf87298b647bc42594
marktext,gfm-math-images-100k.md,2,window-observed,1009.068,929.133,203.781,5,9.916,1.0084,6d2a2ce754b755637076692a502cd29165d80d1b773d5b5482f4bfccf76a2acf,771478d23dc1d5ab205db29e23c97f4eb2e28d7a6ecf37cf87298b647bc42594
aydiler,ordinary-5k.md,2,window-observed,330.428,294.238,286.68,1,0.0,1.0043,cb1f70db3b2150b91e7d49bb140c794a04ce0ab8e04d88d69727dbddcbac9a39,0b7ad3f74990c566da95984bd29019d7c5399c2ac2995e08b1dd6c01d315731d
marky,ordinary-5k.md,3,window-observed,106.618,705.609,417.367,3,771.596,1.0109,d9e29b70534adf2c2b6004de8c98cf81521ae158944a708b4fcdd21d7c99e452,0b7ad3f74990c566da95984bd29019d7c5399c2ac2995e08b1dd6c01d315731d
typora,stress-2m.md,2,window-observed,422.078,926.023,327.34,7,19.793,1.0104,3d3804b5be42dedab376be01ac2dd19d60995d04d7b0f2938daac8d9f561a8ff,009f32e8adcad5a962d96c6f864fb0412255cf4ed4b2b0c6aa0f684395daa23e
marky,stress-2m.md,4,window-observed,72.543,1469.824,1181.766,3,1265.061,1.0118,d9e29b70534adf2c2b6004de8c98cf81521ae158944a708b4fcdd21d7c99e452,009f32e8adcad5a962d96c6f864fb0412255cf4ed4b2b0c6aa0f684395daa23e
obsidian,ordinary-5k.md,4,window-observed,488.79,799.91,330.66,6,9.899,1.0102,4d5379efcd4909bc9a9bff25636d9ef39ee4677cc83af9d285d7d89792015739,0b7ad3f74990c566da95984bd29019d7c5399c2ac2995e08b1dd6c01d315731d
markmello,gfm-math-images-100k.md,5,window-observed,331.064,359.922,351.766,1,0.0,1.0056,dbd3760216650d16334de575263ba71d9234a9333ba7d673dbadbac260353705,771478d23dc1d5ab205db29e23c97f4eb2e28d7a6ecf37cf87298b647bc42594
marktext,stress-2m.md,1,window-observed,1037.921,1366.113,207.555,5,19.84,1.0081,6d2a2ce754b755637076692a502cd29165d80d1b773d5b5482f4bfccf76a2acf,009f32e8adcad5a962d96c6f864fb0412255cf4ed4b2b0c6aa0f684395daa23e
fmv,stress-2m.md,1,window-observed,394.629,427.262,420.5,1,1024.63,1.0052,60dc3377d0280fb2e48f54660d7cfebc5ee5f1334d2e23be9a844bde60045d7a,009f32e8adcad5a962d96c6f864fb0412255cf4ed4b2b0c6aa0f684395daa23e
aydiler,gfm-math-images-100k.md,5,window-observed,297.71,339.504,331.957,1,0.0,1.0042,cb1f70db3b2150b91e7d49bb140c794a04ce0ab8e04d88d69727dbddcbac9a39,771478d23dc1d5ab205db29e23c97f4eb2e28d7a6ecf37cf87298b647bc42594
aydiler,gfm-math-images-100k.md,4,window-observed,342.442,343.645,336.047,1,0.0,1.0046,cb1f70db3b2150b91e7d49bb140c794a04ce0ab8e04d88d69727dbddcbac9a39,771478d23dc1d5ab205db29e23c97f4eb2e28d7a6ecf37cf87298b647bc42594
md-preview,stress-2m.md,3,window-observed,73.826,1252.23,972.684,3,1026.094,1.0136,06dc8f0622977971d368cd3243913f0c5502bb399802a429130bb1e0b53f2b87,009f32e8adcad5a962d96c6f864fb0412255cf4ed4b2b0c6aa0f684395daa23e
typora,stress-2m.md,4,window-observed,255.739,939.02,330.766,7,29.661,1.0114,3d3804b5be42dedab376be01ac2dd19d60995d04d7b0f2938daac8d9f561a8ff,009f32e8adcad5a962d96c6f864fb0412255cf4ed4b2b0c6aa0f684395daa23e
typora,gfm-math-images-100k.md,3,window-observed,281.336,1051.543,434.051,7,0.0,1.0109,3d3804b5be42dedab376be01ac2dd19d60995d04d7b0f2938daac8d9f561a8ff,771478d23dc1d5ab205db29e23c97f4eb2e28d7a6ecf37cf87298b647bc42594
marktext,ordinary-5k.md,4,window-observed,471.369,747.441,205.582,5,9.913,1.0088,6d2a2ce754b755637076692a502cd29165d80d1b773d5b5482f4bfccf76a2acf,0b7ad3f74990c566da95984bd29019d7c5399c2ac2995e08b1dd6c01d315731d
vscode-preview,stress-2m.md,4,window-observed,414.602,2549.57,1089.527,10,305.492,1.0148,5dcf32d814a227f8626426e00708caa6c8f5469980322265a1c398a6458082bc,009f32e8adcad5a962d96c6f864fb0412255cf4ed4b2b0c6aa0f684395daa23e
obsidian,ordinary-5k.md,5,window-observed,810.543,783.027,329.176,6,9.893,1.0108,4d5379efcd4909bc9a9bff25636d9ef39ee4677cc83af9d285d7d89792015739,0b7ad3f74990c566da95984bd29019d7c5399c2ac2995e08b1dd6c01d315731d
obsidian,gfm-math-images-100k.md,1,window-observed,501.78,1118.758,656.816,6,9.876,1.0125,4d5379efcd4909bc9a9bff25636d9ef39ee4677cc83af9d285d7d89792015739,771478d23dc1d5ab205db29e23c97f4eb2e28d7a6ecf37cf87298b647bc42594
typora,gfm-math-images-100k.md,5,window-observed,287.193,881.414,419.27,6,0.0,1.0116,3d3804b5be42dedab376be01ac2dd19d60995d04d7b0f2938daac8d9f561a8ff,771478d23dc1d5ab205db29e23c97f4eb2e28d7a6ecf37cf87298b647bc42594
mdview-zig,ordinary-5k.md,1,exited--11,,0.0,0.0,0,0.0,1.0023,7b3326a555c0d319e217b217932eef9369d9021322f68a4e7e0309d7a515655e,0b7ad3f74990c566da95984bd29019d7c5399c2ac2995e08b1dd6c01d315731d
obsidian,gfm-math-images-100k.md,2,window-observed,521.035,1097.18,632.281,6,0.0,1.0127,4d5379efcd4909bc9a9bff25636d9ef39ee4677cc83af9d285d7d89792015739,771478d23dc1d5ab205db29e23c97f4eb2e28d7a6ecf37cf87298b647bc42594
aydiler,stress-2m.md,1,window-observed,1141.781,1072.91,1061.184,1,0.0,1.0039,cb1f70db3b2150b91e7d49bb140c794a04ce0ab8e04d88d69727dbddcbac9a39,009f32e8adcad5a962d96c6f864fb0412255cf4ed4b2b0c6aa0f684395daa23e
md-preview,gfm-math-images-100k.md,1,window-observed,89.085,734.465,448.25,3,722.852,1.0099,06dc8f0622977971d368cd3243913f0c5502bb399802a429130bb1e0b53f2b87,771478d23dc1d5ab205db29e23c97f4eb2e28d7a6ecf37cf87298b647bc42594
fmv,ordinary-5k.md,1,window-observed,94.083,180.922,172.098,1,2206.846,1.006,60dc3377d0280fb2e48f54660d7cfebc5ee5f1334d2e23be9a844bde60045d7a,0b7ad3f74990c566da95984bd29019d7c5399c2ac2995e08b1dd6c01d315731d
markmello,stress-2m.md,1,window-observed,270.113,1151.543,1148.293,1,993.524,1.0065,dbd3760216650d16334de575263ba71d9234a9333ba7d673dbadbac260353705,009f32e8adcad5a962d96c6f864fb0412255cf4ed4b2b0c6aa0f684395daa23e
md-preview,gfm-math-images-100k.md,4,window-observed,58.571,738.305,452.762,3,624.583,1.0087,06dc8f0622977971d368cd3243913f0c5502bb399802a429130bb1e0b53f2b87,771478d23dc1d5ab205db29e23c97f4eb2e28d7a6ecf37cf87298b647bc42594
fmv,gfm-math-images-100k.md,4,window-observed,118.135,193.219,184.531,1,1473.747,1.0042,60dc3377d0280fb2e48f54660d7cfebc5ee5f1334d2e23be9a844bde60045d7a,771478d23dc1d5ab205db29e23c97f4eb2e28d7a6ecf37cf87298b647bc42594
mdview-zig,gfm-math-images-100k.md,2,exited--11,,0.0,0.0,0,0.0,1.0036,7b3326a555c0d319e217b217932eef9369d9021322f68a4e7e0309d7a515655e,771478d23dc1d5ab205db29e23c97f4eb2e28d7a6ecf37cf87298b647bc42594
fmv,gfm-math-images-100k.md,5,window-observed,110.344,192.801,183.941,1,1483.92,1.0041,60dc3377d0280fb2e48f54660d7cfebc5ee5f1334d2e23be9a844bde60045d7a,771478d23dc1d5ab205db29e23c97f4eb2e28d7a6ecf37cf87298b647bc42594
marky,stress-2m.md,3,window-observed,57.059,1460.598,1172.027,3,1255.587,1.0115,d9e29b70534adf2c2b6004de8c98cf81521ae158944a708b4fcdd21d7c99e452,009f32e8adcad5a962d96c6f864fb0412255cf4ed4b2b0c6aa0f684395daa23e
markmello,stress-2m.md,4,window-observed,306.713,1150.879,1143.723,1,992.091,1.008,dbd3760216650d16334de575263ba71d9234a9333ba7d673dbadbac260353705,009f32e8adcad5a962d96c6f864fb0412255cf4ed4b2b0c6aa0f684395daa23e
aydiler,gfm-math-images-100k.md,1,window-observed,287.885,339.578,329.938,1,0.0,1.0042,cb1f70db3b2150b91e7d49bb140c794a04ce0ab8e04d88d69727dbddcbac9a39,771478d23dc1d5ab205db29e23c97f4eb2e28d7a6ecf37cf87298b647bc42594
fmv,gfm-math-images-100k.md,3,window-observed,124.943,192.652,183.91,1,1464.076,1.004,60dc3377d0280fb2e48f54660d7cfebc5ee5f1334d2e23be9a844bde60045d7a,771478d23dc1d5ab205db29e23c97f4eb2e28d7a6ecf37cf87298b647bc42594
md-preview,ordinary-5k.md,2,window-observed,71.042,601.988,316.34,3,722.731,1.0101,06dc8f0622977971d368cd3243913f0c5502bb399802a429130bb1e0b53f2b87,0b7ad3f74990c566da95984bd29019d7c5399c2ac2995e08b1dd6c01d315731d
md-preview,stress-2m.md,1,window-observed,75.359,1245.43,966.586,3,1017.094,1.0127,06dc8f0622977971d368cd3243913f0c5502bb399802a429130bb1e0b53f2b87,009f32e8adcad5a962d96c6f864fb0412255cf4ed4b2b0c6aa0f684395daa23e
aydiler,gfm-math-images-100k.md,2,window-observed,299.367,339.332,329.562,1,0.0,1.0043,cb1f70db3b2150b91e7d49bb140c794a04ce0ab8e04d88d69727dbddcbac9a39,771478d23dc1d5ab205db29e23c97f4eb2e28d7a6ecf37cf87298b647bc42594
fmv,ordinary-5k.md,2,window-observed,99.402,180.91,170.934,1,2180.962,1.0041,60dc3377d0280fb2e48f54660d7cfebc5ee5f1334d2e23be9a844bde60045d7a,0b7ad3f74990c566da95984bd29019d7c5399c2ac2995e08b1dd6c01d315731d
obsidian,stress-2m.md,4,renderer-exited,520.782,192.359,94.629,5,0.0,1.0067,4d5379efcd4909bc9a9bff25636d9ef39ee4677cc83af9d285d7d89792015739,009f32e8adcad5a962d96c6f864fb0412255cf4ed4b2b0c6aa0f684395daa23e
md-preview,stress-2m.md,4,window-observed,141.375,1208.562,934.164,3,1145.163,1.013,06dc8f0622977971d368cd3243913f0c5502bb399802a429130bb1e0b53f2b87,009f32e8adcad5a962d96c6f864fb0412255cf4ed4b2b0c6aa0f684395daa23e
aydiler,stress-2m.md,4,window-observed,1246.975,1076.441,1068.961,1,0.0,1.0036,cb1f70db3b2150b91e7d49bb140c794a04ce0ab8e04d88d69727dbddcbac9a39,009f32e8adcad5a962d96c6f864fb0412255cf4ed4b2b0c6aa0f684395daa23e
markmello,ordinary-5k.md,4,window-observed,324.846,231.453,226.391,1,0.0,1.0044,dbd3760216650d16334de575263ba71d9234a9333ba7d673dbadbac260353705,0b7ad3f74990c566da95984bd29019d7c5399c2ac2995e08b1dd6c01d315731d
marky,gfm-math-images-100k.md,3,window-observed,79.157,786.238,498.469,3,772.276,1.01,d9e29b70534adf2c2b6004de8c98cf81521ae158944a708b4fcdd21d7c99e452,771478d23dc1d5ab205db29e23c97f4eb2e28d7a6ecf37cf87298b647bc42594
aydiler,ordinary-5k.md,1,window-observed,278.325,295.129,287.598,1,0.0,1.0039,cb1f70db3b2150b91e7d49bb140c794a04ce0ab8e04d88d69727dbddcbac9a39,0b7ad3f74990c566da95984bd29019d7c5399c2ac2995e08b1dd6c01d315731d
md-preview,ordinary-5k.md,3,window-observed,87.983,601.328,319.465,3,625.029,1.008,06dc8f0622977971d368cd3243913f0c5502bb399802a429130bb1e0b53f2b87,0b7ad3f74990c566da95984bd29019d7c5399c2ac2995e08b1dd6c01d315731d
mdview-zig,stress-2m.md,1,exited--11,,0.0,0.0,0,0.0,1.002,7b3326a555c0d319e217b217932eef9369d9021322f68a4e7e0309d7a515655e,009f32e8adcad5a962d96c6f864fb0412255cf4ed4b2b0c6aa0f684395daa23e
typora,gfm-math-images-100k.md,1,window-observed,485.528,874.895,422.516,6,0.0,1.0145,3d3804b5be42dedab376be01ac2dd19d60995d04d7b0f2938daac8d9f561a8ff,771478d23dc1d5ab205db29e23c97f4eb2e28d7a6ecf37cf87298b647bc42594
obsidian,stress-2m.md,5,renderer-exited,504.872,192.434,95.867,5,0.0,1.0066,4d5379efcd4909bc9a9bff25636d9ef39ee4677cc83af9d285d7d89792015739,009f32e8adcad5a962d96c6f864fb0412255cf4ed4b2b0c6aa0f684395daa23e
mdview-zig,gfm-math-images-100k.md,5,exited--11,,0.0,0.0,0,0.0,1.0022,7b3326a555c0d319e217b217932eef9369d9021322f68a4e7e0309d7a515655e,771478d23dc1d5ab205db29e23c97f4eb2e28d7a6ecf37cf87298b647bc42594
obsidian,ordinary-5k.md,1,window-observed,702.516,807.137,338.137,6,9.885,1.0116,4d5379efcd4909bc9a9bff25636d9ef39ee4677cc83af9d285d7d89792015739,0b7ad3f74990c566da95984bd29019d7c5399c2ac2995e08b1dd6c01d315731d
mdview-zig,stress-2m.md,5,exited--11,,0.0,0.0,0,0.0,1.0041,7b3326a555c0d319e217b217932eef9369d9021322f68a4e7e0309d7a515655e,009f32e8adcad5a962d96c6f864fb0412255cf4ed4b2b0c6aa0f684395daa23e
marktext,stress-2m.md,2,window-observed,660.05,1235.852,204.098,5,9.895,1.0106,6d2a2ce754b755637076692a502cd29165d80d1b773d5b5482f4bfccf76a2acf,009f32e8adcad5a962d96c6f864fb0412255cf4ed4b2b0c6aa0f684395daa23e
typora,ordinary-5k.md,2,window-observed,446.079,949.184,343.117,7,9.871,1.0131,3d3804b5be42dedab376be01ac2dd19d60995d04d7b0f2938daac8d9f561a8ff,0b7ad3f74990c566da95984bd29019d7c5399c2ac2995e08b1dd6c01d315731d
marky,stress-2m.md,5,window-observed,115.175,1428.168,1142.508,3,1262.997,1.0135,d9e29b70534adf2c2b6004de8c98cf81521ae158944a708b4fcdd21d7c99e452,009f32e8adcad5a962d96c6f864fb0412255cf4ed4b2b0c6aa0f684395daa23e
markmello,ordinary-5k.md,3,window-observed,256.882,231.188,226.156,1,0.0,1.0048,dbd3760216650d16334de575263ba71d9234a9333ba7d673dbadbac260353705,0b7ad3f74990c566da95984bd29019d7c5399c2ac2995e08b1dd6c01d315731d
md-preview,ordinary-5k.md,1,window-observed,97.575,603.277,320.828,3,654.214,1.0088,06dc8f0622977971d368cd3243913f0c5502bb399802a429130bb1e0b53f2b87,0b7ad3f74990c566da95984bd29019d7c5399c2ac2995e08b1dd6c01d315731d
vscode-preview,stress-2m.md,3,window-observed,437.383,2678.859,1097.457,10,511.435,1.0363,5dcf32d814a227f8626426e00708caa6c8f5469980322265a1c398a6458082bc,009f32e8adcad5a962d96c6f864fb0412255cf4ed4b2b0c6aa0f684395daa23e
fmv,ordinary-5k.md,3,window-observed,129.321,180.281,173.695,1,2137.332,1.0059,60dc3377d0280fb2e48f54660d7cfebc5ee5f1334d2e23be9a844bde60045d7a,0b7ad3f74990c566da95984bd29019d7c5399c2ac2995e08b1dd6c01d315731d
markmello,stress-2m.md,3,window-observed,305.161,1027.148,1022.273,1,988.043,1.0121,dbd3760216650d16334de575263ba71d9234a9333ba7d673dbadbac260353705,009f32e8adcad5a962d96c6f864fb0412255cf4ed4b2b0c6aa0f684395daa23e
marktext,gfm-math-images-100k.md,4,window-observed,628.602,928.004,203.875,5,28.716,1.0447,6d2a2ce754b755637076692a502cd29165d80d1b773d5b5482f4bfccf76a2acf,771478d23dc1d5ab205db29e23c97f4eb2e28d7a6ecf37cf87298b647bc42594
typora,gfm-math-images-100k.md,4,window-observed,803.117,874.34,422.0,6,47.083,1.062,3d3804b5be42dedab376be01ac2dd19d60995d04d7b0f2938daac8d9f561a8ff,771478d23dc1d5ab205db29e23c97f4eb2e28d7a6ecf37cf87298b647bc42594
typora,ordinary-5k.md,1,window-observed,657.749,795.309,338.625,6,47.236,1.0585,3d3804b5be42dedab376be01ac2dd19d60995d04d7b0f2938daac8d9f561a8ff,0b7ad3f74990c566da95984bd29019d7c5399c2ac2995e08b1dd6c01d315731d
typora,stress-2m.md,1,window-observed,678.178,776.273,324.113,6,28.555,1.0506,3d3804b5be42dedab376be01ac2dd19d60995d04d7b0f2938daac8d9f561a8ff,009f32e8adcad5a962d96c6f864fb0412255cf4ed4b2b0c6aa0f684395daa23e
typora,ordinary-5k.md,4,window-observed,628.026,958.781,346.922,7,9.879,1.0123,3d3804b5be42dedab376be01ac2dd19d60995d04d7b0f2938daac8d9f561a8ff,0b7ad3f74990c566da95984bd29019d7c5399c2ac2995e08b1dd6c01d315731d
obsidian,gfm-math-images-100k.md,4,window-observed,679.526,1095.766,641.395,6,9.875,1.0126,4d5379efcd4909bc9a9bff25636d9ef39ee4677cc83af9d285d7d89792015739,771478d23dc1d5ab205db29e23c97f4eb2e28d7a6ecf37cf87298b647bc42594
mdview-zig,ordinary-5k.md,4,exited--11,,0.0,0.0,0,0.0,1.0036,7b3326a555c0d319e217b217932eef9369d9021322f68a4e7e0309d7a515655e,0b7ad3f74990c566da95984bd29019d7c5399c2ac2995e08b1dd6c01d315731d
marktext,gfm-math-images-100k.md,3,window-observed,568.98,926.402,201.574,5,0.0,1.0098,6d2a2ce754b755637076692a502cd29165d80d1b773d5b5482f4bfccf76a2acf,771478d23dc1d5ab205db29e23c97f4eb2e28d7a6ecf37cf87298b647bc42594
marky,ordinary-5k.md,4,window-observed,85.43,699.742,411.418,3,739.859,1.0137,d9e29b70534adf2c2b6004de8c98cf81521ae158944a708b4fcdd21d7c99e452,0b7ad3f74990c566da95984bd29019d7c5399c2ac2995e08b1dd6c01d315731d
vscode-preview,ordinary-5k.md,2,window-observed,477.65,1982.07,578.852,10,97.837,1.0221,5dcf32d814a227f8626426e00708caa6c8f5469980322265a1c398a6458082bc,0b7ad3f74990c566da95984bd29019d7c5399c2ac2995e08b1dd6c01d315731d
mdview-zig,ordinary-5k.md,5,exited--11,,0.0,0.0,0,0.0,1.0034,7b3326a555c0d319e217b217932eef9369d9021322f68a4e7e0309d7a515655e,0b7ad3f74990c566da95984bd29019d7c5399c2ac2995e08b1dd6c01d315731d
marktext,stress-2m.md,5,window-observed,542.398,1215.773,207.438,5,9.899,1.0102,6d2a2ce754b755637076692a502cd29165d80d1b773d5b5482f4bfccf76a2acf,009f32e8adcad5a962d96c6f864fb0412255cf4ed4b2b0c6aa0f684395daa23e
marktext,ordinary-5k.md,2,window-observed,522.801,737.746,207.145,5,0.0,1.01,6d2a2ce754b755637076692a502cd29165d80d1b773d5b5482f4bfccf76a2acf,0b7ad3f74990c566da95984bd29019d7c5399c2ac2995e08b1dd6c01d315731d
markmello,ordinary-5k.md,2,window-observed,292.755,232.543,227.387,1,0.0,1.0066,dbd3760216650d16334de575263ba71d9234a9333ba7d673dbadbac260353705,0b7ad3f74990c566da95984bd29019d7c5399c2ac2995e08b1dd6c01d315731d
marky,gfm-math-images-100k.md,1,window-observed,94.071,790.043,501.969,3,838.755,1.0134,d9e29b70534adf2c2b6004de8c98cf81521ae158944a708b4fcdd21d7c99e452,771478d23dc1d5ab205db29e23c97f4eb2e28d7a6ecf37cf87298b647bc42594
aydiler,gfm-math-images-100k.md,3,window-observed,353.492,325.844,318.301,1,0.0,1.0095,cb1f70db3b2150b91e7d49bb140c794a04ce0ab8e04d88d69727dbddcbac9a39,771478d23dc1d5ab205db29e23c97f4eb2e28d7a6ecf37cf87298b647bc42594
markmello,gfm-math-images-100k.md,2,window-observed,280.783,361.055,356.008,1,0.0,1.0062,dbd3760216650d16334de575263ba71d9234a9333ba7d673dbadbac260353705,771478d23dc1d5ab205db29e23c97f4eb2e28d7a6ecf37cf87298b647bc42594
marktext,ordinary-5k.md,1,window-observed,543.025,739.66,205.938,5,0.0,1.0119,6d2a2ce754b755637076692a502cd29165d80d1b773d5b5482f4bfccf76a2acf,0b7ad3f74990c566da95984bd29019d7c5399c2ac2995e08b1dd6c01d315731d
vscode-preview,stress-2m.md,1,window-observed,436.307,2909.945,1114.48,10,684.348,1.0229,5dcf32d814a227f8626426e00708caa6c8f5469980322265a1c398a6458082bc,009f32e8adcad5a962d96c6f864fb0412255cf4ed4b2b0c6aa0f684395daa23e
marktext,ordinary-5k.md,3,window-observed,895.398,740.605,206.066,5,9.907,1.0094,6d2a2ce754b755637076692a502cd29165d80d1b773d5b5482f4bfccf76a2acf,0b7ad3f74990c566da95984bd29019d7c5399c2ac2995e08b1dd6c01d315731d
markmello,stress-2m.md,5,window-observed,359.414,1010.789,1005.727,1,987.146,1.013,dbd3760216650d16334de575263ba71d9234a9333ba7d673dbadbac260353705,009f32e8adcad5a962d96c6f864fb0412255cf4ed4b2b0c6aa0f684395daa23e
vscode-preview,ordinary-5k.md,3,window-observed,439.797,2106.188,533.215,10,137.045,1.0216,5dcf32d814a227f8626426e00708caa6c8f5469980322265a1c398a6458082bc,0b7ad3f74990c566da95984bd29019d7c5399c2ac2995e08b1dd6c01d315731d
mdview-zig,gfm-math-images-100k.md,4,exited--11,,0.0,0.0,0,0.0,1.0051,7b3326a555c0d319e217b217932eef9369d9021322f68a4e7e0309d7a515655e,771478d23dc1d5ab205db29e23c97f4eb2e28d7a6ecf37cf87298b647bc42594
fmv,ordinary-5k.md,5,window-observed,121.786,180.223,173.598,1,2180.063,1.0046,60dc3377d0280fb2e48f54660d7cfebc5ee5f1334d2e23be9a844bde60045d7a,0b7ad3f74990c566da95984bd29019d7c5399c2ac2995e08b1dd6c01d315731d
markmello,gfm-math-images-100k.md,3,window-observed,264.586,361.516,356.473,1,0.0,1.009,dbd3760216650d16334de575263ba71d9234a9333ba7d673dbadbac260353705,771478d23dc1d5ab205db29e23c97f4eb2e28d7a6ecf37cf87298b647bc42594
markmello,gfm-math-images-100k.md,1,window-observed,265.387,361.793,356.656,1,0.0,1.0066,dbd3760216650d16334de575263ba71d9234a9333ba7d673dbadbac260353705,771478d23dc1d5ab205db29e23c97f4eb2e28d7a6ecf37cf87298b647bc42594
vscode-preview,ordinary-5k.md,5,window-observed,475.186,2063.008,535.309,10,78.73,1.0161,5dcf32d814a227f8626426e00708caa6c8f5469980322265a1c398a6458082bc,0b7ad3f74990c566da95984bd29019d7c5399c2ac2995e08b1dd6c01d315731d
marky,ordinary-5k.md,1,window-observed,102.01,699.363,411.227,3,760.65,1.0123,d9e29b70534adf2c2b6004de8c98cf81521ae158944a708b4fcdd21d7c99e452,0b7ad3f74990c566da95984bd29019d7c5399c2ac2995e08b1dd6c01d315731d
vscode-preview,ordinary-5k.md,4,window-observed,418.869,2073.539,548.367,10,137.239,1.0201,5dcf32d814a227f8626426e00708caa6c8f5469980322265a1c398a6458082bc,0b7ad3f74990c566da95984bd29019d7c5399c2ac2995e08b1dd6c01d315731d
typora,stress-2m.md,5,window-observed,302.435,778.461,326.488,6,29.652,1.0117,3d3804b5be42dedab376be01ac2dd19d60995d04d7b0f2938daac8d9f561a8ff,009f32e8adcad5a962d96c6f864fb0412255cf4ed4b2b0c6aa0f684395daa23e
marky,stress-2m.md,2,window-observed,65.021,1399.168,1110.953,3,1239.395,1.0166,d9e29b70534adf2c2b6004de8c98cf81521ae158944a708b4fcdd21d7c99e452,009f32e8adcad5a962d96c6f864fb0412255cf4ed4b2b0c6aa0f684395daa23e
fmv,gfm-math-images-100k.md,2,window-observed,110.879,192.727,186.02,1,1354.119,1.0043,60dc3377d0280fb2e48f54660d7cfebc5ee5f1334d2e23be9a844bde60045d7a,771478d23dc1d5ab205db29e23c97f4eb2e28d7a6ecf37cf87298b647bc42594
vscode-preview,gfm-math-images-100k.md,5,window-observed,447.984,2266.0,589.531,10,49.12,1.0179,5dcf32d814a227f8626426e00708caa6c8f5469980322265a1c398a6458082bc,771478d23dc1d5ab205db29e23c97f4eb2e28d7a6ecf37cf87298b647bc42594
md-preview,gfm-math-images-100k.md,3,window-observed,71.41,714.164,433.84,3,908.183,1.013,06dc8f0622977971d368cd3243913f0c5502bb399802a429130bb1e0b53f2b87,771478d23dc1d5ab205db29e23c97f4eb2e28d7a6ecf37cf87298b647bc42594
markmello,ordinary-5k.md,1,window-observed,321.203,232.363,227.211,1,0.0,1.0079,dbd3760216650d16334de575263ba71d9234a9333ba7d673dbadbac260353705,0b7ad3f74990c566da95984bd29019d7c5399c2ac2995e08b1dd6c01d315731d
obsidian,ordinary-5k.md,2,window-observed,665.701,795.332,329.508,6,0.0,1.0127,4d5379efcd4909bc9a9bff25636d9ef39ee4677cc83af9d285d7d89792015739,0b7ad3f74990c566da95984bd29019d7c5399c2ac2995e08b1dd6c01d315731d
md-preview,gfm-math-images-100k.md,2,window-observed,117.434,738.617,453.418,3,863.504,1.0191,06dc8f0622977971d368cd3243913f0c5502bb399802a429130bb1e0b53f2b87,771478d23dc1d5ab205db29e23c97f4eb2e28d7a6ecf37cf87298b647bc42594
fmv,stress-2m.md,5,window-observed,437.865,427.219,419.352,1,1023.512,1.0063,60dc3377d0280fb2e48f54660d7cfebc5ee5f1334d2e23be9a844bde60045d7a,009f32e8adcad5a962d96c6f864fb0412255cf4ed4b2b0c6aa0f684395daa23e
mdview-zig,ordinary-5k.md,2,exited--11,,0.0,0.0,0,0.0,1.0043,7b3326a555c0d319e217b217932eef9369d9021322f68a4e7e0309d7a515655e,0b7ad3f74990c566da95984bd29019d7c5399c2ac2995e08b1dd6c01d315731d
vscode-preview,ordinary-5k.md,1,window-observed,538.151,1956.027,514.211,10,502.639,1.0146,5dcf32d814a227f8626426e00708caa6c8f5469980322265a1c398a6458082bc,0b7ad3f74990c566da95984bd29019d7c5399c2ac2995e08b1dd6c01d315731d
marktext,ordinary-5k.md,5,window-observed,641.212,743.16,206.41,5,28.584,1.0495,6d2a2ce754b755637076692a502cd29165d80d1b773d5b5482f4bfccf76a2acf,0b7ad3f74990c566da95984bd29019d7c5399c2ac2995e08b1dd6c01d315731d
typora,ordinary-5k.md,5,window-observed,327.931,800.031,338.922,6,19.646,1.018,3d3804b5be42dedab376be01ac2dd19d60995d04d7b0f2938daac8d9f561a8ff,0b7ad3f74990c566da95984bd29019d7c5399c2ac2995e08b1dd6c01d315731d
obsidian,gfm-math-images-100k.md,3,window-observed,589.392,1102.621,633.57,6,9.856,1.0146,4d5379efcd4909bc9a9bff25636d9ef39ee4677cc83af9d285d7d89792015739,771478d23dc1d5ab205db29e23c97f4eb2e28d7a6ecf37cf87298b647bc42594
vscode-preview,stress-2m.md,2,window-observed,487.194,2470.68,1009.871,10,1444.461,1.0315,5dcf32d814a227f8626426e00708caa6c8f5469980322265a1c398a6458082bc,009f32e8adcad5a962d96c6f864fb0412255cf4ed4b2b0c6aa0f684395daa23e
aydiler,stress-2m.md,2,window-observed,1441.376,1052.344,1044.848,1,0.0,1.0043,cb1f70db3b2150b91e7d49bb140c794a04ce0ab8e04d88d69727dbddcbac9a39,009f32e8adcad5a962d96c6f864fb0412255cf4ed4b2b0c6aa0f684395daa23e
md-preview,stress-2m.md,2,window-observed,97.079,1245.742,967.016,3,1307.322,1.0173,06dc8f0622977971d368cd3243913f0c5502bb399802a429130bb1e0b53f2b87,009f32e8adcad5a962d96c6f864fb0412255cf4ed4b2b0c6aa0f684395daa23e
aydiler,ordinary-5k.md,3,window-observed,308.102,295.012,287.516,1,0.0,1.0047,cb1f70db3b2150b91e7d49bb140c794a04ce0ab8e04d88d69727dbddcbac9a39,0b7ad3f74990c566da95984bd29019d7c5399c2ac2995e08b1dd6c01d315731d
typora,stress-2m.md,3,window-observed,416.082,773.84,325.539,6,9.657,1.0355,3d3804b5be42dedab376be01ac2dd19d60995d04d7b0f2938daac8d9f561a8ff,009f32e8adcad5a962d96c6f864fb0412255cf4ed4b2b0c6aa0f684395daa23e
marky,gfm-math-images-100k.md,5,window-observed,89.759,797.387,508.988,3,839.154,1.0129,d9e29b70534adf2c2b6004de8c98cf81521ae158944a708b4fcdd21d7c99e452,771478d23dc1d5ab205db29e23c97f4eb2e28d7a6ecf37cf87298b647bc42594
vscode-preview,gfm-math-images-100k.md,1,window-observed,520.751,2348.277,571.461,10,295.655,1.0147,5dcf32d814a227f8626426e00708caa6c8f5469980322265a1c398a6458082bc,771478d23dc1d5ab205db29e23c97f4eb2e28d7a6ecf37cf87298b647bc42594
aydiler,stress-2m.md,5,window-observed,1289.798,985.965,978.34,1,0.0,1.0068,cb1f70db3b2150b91e7d49bb140c794a04ce0ab8e04d88d69727dbddcbac9a39,009f32e8adcad5a962d96c6f864fb0412255cf4ed4b2b0c6aa0f684395daa23e
marky,ordinary-5k.md,5,window-observed,97.151,688.121,399.824,3,783.212,1.0087,d9e29b70534adf2c2b6004de8c98cf81521ae158944a708b4fcdd21d7c99e452,0b7ad3f74990c566da95984bd29019d7c5399c2ac2995e08b1dd6c01d315731d
marktext,gfm-math-images-100k.md,1,window-observed,622.159,929.848,203.566,5,19.695,1.0155,6d2a2ce754b755637076692a502cd29165d80d1b773d5b5482f4bfccf76a2acf,771478d23dc1d5ab205db29e23c97f4eb2e28d7a6ecf37cf87298b647bc42594
mdview-zig,ordinary-5k.md,3,exited--11,,0.0,0.0,0,0.0,1.002,7b3326a555c0d319e217b217932eef9369d9021322f68a4e7e0309d7a515655e,0b7ad3f74990c566da95984bd29019d7c5399c2ac2995e08b1dd6c01d315731d
md-preview,ordinary-5k.md,5,window-observed,85.688,599.953,318.73,3,772.218,1.0101,06dc8f0622977971d368cd3243913f0c5502bb399802a429130bb1e0b53f2b87,0b7ad3f74990c566da95984bd29019d7c5399c2ac2995e08b1dd6c01d315731d
marktext,gfm-math-images-100k.md,5,window-observed,545.724,930.0,204.0,5,9.862,1.014,6d2a2ce754b755637076692a502cd29165d80d1b773d5b5482f4bfccf76a2acf,771478d23dc1d5ab205db29e23c97f4eb2e28d7a6ecf37cf87298b647bc42594
markmello,ordinary-5k.md,5,window-observed,307.048,232.109,227.055,1,0.0,1.007,dbd3760216650d16334de575263ba71d9234a9333ba7d673dbadbac260353705,0b7ad3f74990c566da95984bd29019d7c5399c2ac2995e08b1dd6c01d315731d
obsidian,gfm-math-images-100k.md,5,window-observed,650.777,1104.758,643.266,6,9.86,1.0142,4d5379efcd4909bc9a9bff25636d9ef39ee4677cc83af9d285d7d89792015739,771478d23dc1d5ab205db29e23c97f4eb2e28d7a6ecf37cf87298b647bc42594
aydiler,ordinary-5k.md,4,window-observed,368.029,295.379,285.891,1,0.0,1.0067,cb1f70db3b2150b91e7d49bb140c794a04ce0ab8e04d88d69727dbddcbac9a39,0b7ad3f74990c566da95984bd29019d7c5399c2ac2995e08b1dd6c01d315731d
md-preview,stress-2m.md,5,window-observed,61.691,1253.504,972.895,3,1075.678,1.0133,06dc8f0622977971d368cd3243913f0c5502bb399802a429130bb1e0b53f2b87,009f32e8adcad5a962d96c6f864fb0412255cf4ed4b2b0c6aa0f684395daa23e
fmv,ordinary-5k.md,4,window-observed,143.785,180.914,174.188,1,1895.828,1.0075,60dc3377d0280fb2e48f54660d7cfebc5ee5f1334d2e23be9a844bde60045d7a,0b7ad3f74990c566da95984bd29019d7c5399c2ac2995e08b1dd6c01d315731d
mdview-zig,stress-2m.md,3,exited--11,,0.0,0.0,0,0.0,1.0066,7b3326a555c0d319e217b217932eef9369d9021322f68a4e7e0309d7a515655e,009f32e8adcad5a962d96c6f864fb0412255cf4ed4b2b0c6aa0f684395daa23e
vscode-preview,stress-2m.md,5,window-observed,529.02,2015.688,820.965,10,1832.132,1.0207,5dcf32d814a227f8626426e00708caa6c8f5469980322265a1c398a6458082bc,009f32e8adcad5a962d96c6f864fb0412255cf4ed4b2b0c6aa0f684395daa23e
obsidian,images.md,2,window-observed,961.972,740.953,291.492,6,0.0,1.0165,4d5379efcd4909bc9a9bff25636d9ef39ee4677cc83af9d285d7d89792015739,5f37ffbf6cb09651723b404787caceef0c0a981b942242ae98566e4e034c9a1f
aydiler,images.md,3,window-observed,406.963,306.73,297.07,1,0.0,1.0039,cb1f70db3b2150b91e7d49bb140c794a04ce0ab8e04d88d69727dbddcbac9a39,5f37ffbf6cb09651723b404787caceef0c0a981b942242ae98566e4e034c9a1f
vscode-preview,images.md,3,window-observed,525.403,2044.238,511.0,10,235.435,1.0194,5dcf32d814a227f8626426e00708caa6c8f5469980322265a1c398a6458082bc,5f37ffbf6cb09651723b404787caceef0c0a981b942242ae98566e4e034c9a1f
vscode-preview,images.md,5,window-observed,524.997,2044.672,519.797,10,9.834,1.0168,5dcf32d814a227f8626426e00708caa6c8f5469980322265a1c398a6458082bc,5f37ffbf6cb09651723b404787caceef0c0a981b942242ae98566e4e034c9a1f
typora,images.md,4,window-observed,404.781,954.758,342.43,7,9.844,1.0158,3d3804b5be42dedab376be01ac2dd19d60995d04d7b0f2938daac8d9f561a8ff,5f37ffbf6cb09651723b404787caceef0c0a981b942242ae98566e4e034c9a1f
markmello,images.md,3,window-observed,449.717,223.227,217.738,1,0.0,1.0108,dbd3760216650d16334de575263ba71d9234a9333ba7d673dbadbac260353705,5f37ffbf6cb09651723b404787caceef0c0a981b942242ae98566e4e034c9a1f
obsidian,images.md,4,window-observed,582.077,751.387,294.145,6,9.875,1.0126,4d5379efcd4909bc9a9bff25636d9ef39ee4677cc83af9d285d7d89792015739,5f37ffbf6cb09651723b404787caceef0c0a981b942242ae98566e4e034c9a1f
marktext,images.md,1,window-observed,719.979,743.926,202.809,5,0.0,1.0117,6d2a2ce754b755637076692a502cd29165d80d1b773d5b5482f4bfccf76a2acf,5f37ffbf6cb09651723b404787caceef0c0a981b942242ae98566e4e034c9a1f
marktext,images.md,5,window-observed,683.38,745.266,204.758,5,9.885,1.0116,6d2a2ce754b755637076692a502cd29165d80d1b773d5b5482f4bfccf76a2acf,5f37ffbf6cb09651723b404787caceef0c0a981b942242ae98566e4e034c9a1f
fmv,images.md,5,window-observed,143.079,165.531,158.367,1,2128.369,1.0055,60dc3377d0280fb2e48f54660d7cfebc5ee5f1334d2e23be9a844bde60045d7a,5f37ffbf6cb09651723b404787caceef0c0a981b942242ae98566e4e034c9a1f
typora,images.md,3,window-observed,410.436,957.922,344.832,7,19.531,1.024,3d3804b5be42dedab376be01ac2dd19d60995d04d7b0f2938daac8d9f561a8ff,5f37ffbf6cb09651723b404787caceef0c0a981b942242ae98566e4e034c9a1f
md-preview,images.md,5,window-observed,106.065,557.148,275.203,3,913.984,1.0175,06dc8f0622977971d368cd3243913f0c5502bb399802a429130bb1e0b53f2b87,5f37ffbf6cb09651723b404787caceef0c0a981b942242ae98566e4e034c9a1f
aydiler,images.md,5,window-observed,326.852,307.359,299.43,1,0.0,1.005,cb1f70db3b2150b91e7d49bb140c794a04ce0ab8e04d88d69727dbddcbac9a39,5f37ffbf6cb09651723b404787caceef0c0a981b942242ae98566e4e034c9a1f
fmv,images.md,3,window-observed,139.832,165.742,158.621,1,2106.536,1.0064,60dc3377d0280fb2e48f54660d7cfebc5ee5f1334d2e23be9a844bde60045d7a,5f37ffbf6cb09651723b404787caceef0c0a981b942242ae98566e4e034c9a1f
aydiler,images.md,2,window-observed,370.109,307.543,299.516,1,0.0,1.0157,cb1f70db3b2150b91e7d49bb140c794a04ce0ab8e04d88d69727dbddcbac9a39,5f37ffbf6cb09651723b404787caceef0c0a981b942242ae98566e4e034c9a1f
marktext,images.md,4,window-observed,608.121,744.16,206.449,5,9.914,1.0087,6d2a2ce754b755637076692a502cd29165d80d1b773d5b5482f4bfccf76a2acf,5f37ffbf6cb09651723b404787caceef0c0a981b942242ae98566e4e034c9a1f
markmello,images.md,4,window-observed,326.78,224.438,218.879,1,0.0,1.0056,dbd3760216650d16334de575263ba71d9234a9333ba7d673dbadbac260353705,5f37ffbf6cb09651723b404787caceef0c0a981b942242ae98566e4e034c9a1f
fmv,images.md,2,window-observed,169.803,162.238,155.117,1,2226.427,1.0106,60dc3377d0280fb2e48f54660d7cfebc5ee5f1334d2e23be9a844bde60045d7a,5f37ffbf6cb09651723b404787caceef0c0a981b942242ae98566e4e034c9a1f
markmello,images.md,5,window-observed,298.365,224.312,218.797,1,0.0,1.008,dbd3760216650d16334de575263ba71d9234a9333ba7d673dbadbac260353705,5f37ffbf6cb09651723b404787caceef0c0a981b942242ae98566e4e034c9a1f
markmello,images.md,1,window-observed,298.188,224.172,218.676,1,0.0,1.0055,dbd3760216650d16334de575263ba71d9234a9333ba7d673dbadbac260353705,5f37ffbf6cb09651723b404787caceef0c0a981b942242ae98566e4e034c9a1f
mdview-zig,images.md,3,exited--11,,0.0,0.0,0,0.0,1.0282,7b3326a555c0d319e217b217932eef9369d9021322f68a4e7e0309d7a515655e,5f37ffbf6cb09651723b404787caceef0c0a981b942242ae98566e4e034c9a1f
typora,images.md,2,window-observed,348.268,954.871,341.98,7,19.719,1.0143,3d3804b5be42dedab376be01ac2dd19d60995d04d7b0f2938daac8d9f561a8ff,5f37ffbf6cb09651723b404787caceef0c0a981b942242ae98566e4e034c9a1f
marky,images.md,5,window-observed,75.791,673.219,383.578,3,740.193,1.0132,d9e29b70534adf2c2b6004de8c98cf81521ae158944a708b4fcdd21d7c99e452,5f37ffbf6cb09651723b404787caceef0c0a981b942242ae98566e4e034c9a1f
mdview-zig,images.md,2,exited--11,,0.0,0.0,0,0.0,1.0049,7b3326a555c0d319e217b217932eef9369d9021322f68a4e7e0309d7a515655e,5f37ffbf6cb09651723b404787caceef0c0a981b942242ae98566e4e034c9a1f
marky,images.md,1,window-observed,120.658,662.414,372.477,3,815.439,1.0179,d9e29b70534adf2c2b6004de8c98cf81521ae158944a708b4fcdd21d7c99e452,5f37ffbf6cb09651723b404787caceef0c0a981b942242ae98566e4e034c9a1f
typora,images.md,5,window-observed,351.222,963.855,349.312,7,9.799,1.0205,3d3804b5be42dedab376be01ac2dd19d60995d04d7b0f2938daac8d9f561a8ff,5f37ffbf6cb09651723b404787caceef0c0a981b942242ae98566e4e034c9a1f
md-preview,images.md,1,window-observed,110.258,559.246,275.766,3,904.754,1.0169,06dc8f0622977971d368cd3243913f0c5502bb399802a429130bb1e0b53f2b87,5f37ffbf6cb09651723b404787caceef0c0a981b942242ae98566e4e034c9a1f
obsidian,images.md,1,window-observed,672.521,752.547,295.543,6,9.855,1.0147,4d5379efcd4909bc9a9bff25636d9ef39ee4677cc83af9d285d7d89792015739,5f37ffbf6cb09651723b404787caceef0c0a981b942242ae98566e4e034c9a1f
vscode-preview,images.md,1,window-observed,473.05,2026.965,514.691,10,0.0,1.0153,5dcf32d814a227f8626426e00708caa6c8f5469980322265a1c398a6458082bc,5f37ffbf6cb09651723b404787caceef0c0a981b942242ae98566e4e034c9a1f
marky,images.md,4,window-observed,113.79,668.641,376.93,3,859.34,1.0124,d9e29b70534adf2c2b6004de8c98cf81521ae158944a708b4fcdd21d7c99e452,5f37ffbf6cb09651723b404787caceef0c0a981b942242ae98566e4e034c9a1f
fmv,images.md,4,window-observed,126.204,161.344,154.262,1,2082.923,1.0082,60dc3377d0280fb2e48f54660d7cfebc5ee5f1334d2e23be9a844bde60045d7a,5f37ffbf6cb09651723b404787caceef0c0a981b942242ae98566e4e034c9a1f
mdview-zig,images.md,5,exited--11,,0.0,0.0,0,0.0,1.0024,7b3326a555c0d319e217b217932eef9369d9021322f68a4e7e0309d7a515655e,5f37ffbf6cb09651723b404787caceef0c0a981b942242ae98566e4e034c9a1f
md-preview,images.md,3,window-observed,100.931,563.566,279.906,3,790.222,1.0124,06dc8f0622977971d368cd3243913f0c5502bb399802a429130bb1e0b53f2b87,5f37ffbf6cb09651723b404787caceef0c0a981b942242ae98566e4e034c9a1f
typora,images.md,1,window-observed,329.688,799.008,335.633,6,39.326,1.0171,3d3804b5be42dedab376be01ac2dd19d60995d04d7b0f2938daac8d9f561a8ff,5f37ffbf6cb09651723b404787caceef0c0a981b942242ae98566e4e034c9a1f
obsidian,images.md,5,window-observed,602.755,749.918,294.164,6,29.623,1.0127,4d5379efcd4909bc9a9bff25636d9ef39ee4677cc83af9d285d7d89792015739,5f37ffbf6cb09651723b404787caceef0c0a981b942242ae98566e4e034c9a1f
marky,images.md,3,window-observed,64.252,674.129,382.695,3,782.484,1.0096,d9e29b70534adf2c2b6004de8c98cf81521ae158944a708b4fcdd21d7c99e452,5f37ffbf6cb09651723b404787caceef0c0a981b942242ae98566e4e034c9a1f
vscode-preview,images.md,2,window-observed,504.556,2029.402,524.105,10,19.482,1.0266,5dcf32d814a227f8626426e00708caa6c8f5469980322265a1c398a6458082bc,5f37ffbf6cb09651723b404787caceef0c0a981b942242ae98566e4e034c9a1f
aydiler,images.md,4,window-observed,316.55,307.566,299.586,1,0.0,1.015,cb1f70db3b2150b91e7d49bb140c794a04ce0ab8e04d88d69727dbddcbac9a39,5f37ffbf6cb09651723b404787caceef0c0a981b942242ae98566e4e034c9a1f
marky,images.md,2,window-observed,105.974,667.633,377.945,3,827.681,1.0149,d9e29b70534adf2c2b6004de8c98cf81521ae158944a708b4fcdd21d7c99e452,5f37ffbf6cb09651723b404787caceef0c0a981b942242ae98566e4e034c9a1f
marktext,images.md,2,window-observed,597.503,739.656,205.27,5,9.884,1.0117,6d2a2ce754b755637076692a502cd29165d80d1b773d5b5482f4bfccf76a2acf,5f37ffbf6cb09651723b404787caceef0c0a981b942242ae98566e4e034c9a1f
mdview-zig,images.md,1,exited--11,,0.0,0.0,0,0.0,1.0028,7b3326a555c0d319e217b217932eef9369d9021322f68a4e7e0309d7a515655e,5f37ffbf6cb09651723b404787caceef0c0a981b942242ae98566e4e034c9a1f
md-preview,images.md,2,window-observed,91.694,561.977,280.465,3,762.143,1.0103,06dc8f0622977971d368cd3243913f0c5502bb399802a429130bb1e0b53f2b87,5f37ffbf6cb09651723b404787caceef0c0a981b942242ae98566e4e034c9a1f
marktext,images.md,3,window-observed,575.297,745.074,204.691,5,9.746,1.0261,6d2a2ce754b755637076692a502cd29165d80d1b773d5b5482f4bfccf76a2acf,5f37ffbf6cb09651723b404787caceef0c0a981b942242ae98566e4e034c9a1f
markmello,images.md,2,window-observed,277.893,224.535,219.082,1,0.0,1.0086,dbd3760216650d16334de575263ba71d9234a9333ba7d673dbadbac260353705,5f37ffbf6cb09651723b404787caceef0c0a981b942242ae98566e4e034c9a1f
obsidian,images.md,3,window-observed,618.038,751.891,295.703,6,9.873,1.0129,4d5379efcd4909bc9a9bff25636d9ef39ee4677cc83af9d285d7d89792015739,5f37ffbf6cb09651723b404787caceef0c0a981b942242ae98566e4e034c9a1f
aydiler,images.md,1,window-observed,381.426,307.543,297.887,1,0.0,1.0046,cb1f70db3b2150b91e7d49bb140c794a04ce0ab8e04d88d69727dbddcbac9a39,5f37ffbf6cb09651723b404787caceef0c0a981b942242ae98566e4e034c9a1f
md-preview,images.md,4,window-observed,89.76,560.465,277.359,3,880.196,1.0111,06dc8f0622977971d368cd3243913f0c5502bb399802a429130bb1e0b53f2b87,5f37ffbf6cb09651723b404787caceef0c0a981b942242ae98566e4e034c9a1f
fmv,images.md,1,window-observed,111.273,165.812,158.734,1,2187.876,1.0055,60dc3377d0280fb2e48f54660d7cfebc5ee5f1334d2e23be9a844bde60045d7a,5f37ffbf6cb09651723b404787caceef0c0a981b942242ae98566e4e034c9a1f
mdview-zig,images.md,4,exited--11,,0.0,0.0,0,0.0,1.0046,7b3326a555c0d319e217b217932eef9369d9021322f68a4e7e0309d7a515655e,5f37ffbf6cb09651723b404787caceef0c0a981b942242ae98566e4e034c9a1f
vscode-preview,images.md,4,window-observed,543.172,1984.398,503.168,10,850.429,1.023,5dcf32d814a227f8626426e00708caa6c8f5469980322265a1c398a6458082bc,5f37ffbf6cb09651723b404787caceef0c0a981b942242ae98566e4e034c9a1f
