app,fixture,run,exit_code,content_verified,process_to_exit_ms,output_bytes,exe_sha256,fixture_sha256
glow,stress-2m.md,9,0,True,5320.515,76148656,0bebd662eb9da86b32b6abeaef10fe448a36d2a2a6aa629098ccd17b13f6cb9c,009f32e8adcad5a962d96c6f864fb0412255cf4ed4b2b0c6aa0f684395daa23e
glow,ordinary-5k.md,1,0,True,68.989,188130,0bebd662eb9da86b32b6abeaef10fe448a36d2a2a6aa629098ccd17b13f6cb9c,0b7ad3f74990c566da95984bd29019d7c5399c2ac2995e08b1dd6c01d315731d
glow,ordinary-5k.md,5,0,True,62.907,188130,0bebd662eb9da86b32b6abeaef10fe448a36d2a2a6aa629098ccd17b13f6cb9c,0b7ad3f74990c566da95984bd29019d7c5399c2ac2995e08b1dd6c01d315731d
glow,gfm-math-images-100k.md,5,0,True,250.531,3733184,0bebd662eb9da86b32b6abeaef10fe448a36d2a2a6aa629098ccd17b13f6cb9c,771478d23dc1d5ab205db29e23c97f4eb2e28d7a6ecf37cf87298b647bc42594
glow,gfm-math-images-100k.md,9,0,True,270.403,3733184,0bebd662eb9da86b32b6abeaef10fe448a36d2a2a6aa629098ccd17b13f6cb9c,771478d23dc1d5ab205db29e23c97f4eb2e28d7a6ecf37cf87298b647bc42594
glow,gfm-math-images-100k.md,3,0,True,257.76,3733184,0bebd662eb9da86b32b6abeaef10fe448a36d2a2a6aa629098ccd17b13f6cb9c,771478d23dc1d5ab205db29e23c97f4eb2e28d7a6ecf37cf87298b647bc42594
mdcat,gfm-math-images-100k.md,7,0,True,53.121,225462,c429a89ebf3f2d3611c2373dab5ca160bc5e41c53c7ab1ac13bf6aa599ee93b3,771478d23dc1d5ab205db29e23c97f4eb2e28d7a6ecf37cf87298b647bc42594
glow,gfm-math-images-100k.md,10,0,True,233.026,3733184,0bebd662eb9da86b32b6abeaef10fe448a36d2a2a6aa629098ccd17b13f6cb9c,771478d23dc1d5ab205db29e23c97f4eb2e28d7a6ecf37cf87298b647bc42594
glow,ordinary-5k.md,10,0,True,64.748,188130,0bebd662eb9da86b32b6abeaef10fe448a36d2a2a6aa629098ccd17b13f6cb9c,0b7ad3f74990c566da95984bd29019d7c5399c2ac2995e08b1dd6c01d315731d
mdcat,ordinary-5k.md,5,0,True,37.901,11428,c429a89ebf3f2d3611c2373dab5ca160bc5e41c53c7ab1ac13bf6aa599ee93b3,0b7ad3f74990c566da95984bd29019d7c5399c2ac2995e08b1dd6c01d315731d
glow,gfm-math-images-100k.md,7,0,True,238.805,3733184,0bebd662eb9da86b32b6abeaef10fe448a36d2a2a6aa629098ccd17b13f6cb9c,771478d23dc1d5ab205db29e23c97f4eb2e28d7a6ecf37cf87298b647bc42594
mdcat,ordinary-5k.md,10,0,True,39.964,11428,c429a89ebf3f2d3611c2373dab5ca160bc5e41c53c7ab1ac13bf6aa599ee93b3,0b7ad3f74990c566da95984bd29019d7c5399c2ac2995e08b1dd6c01d315731d
glow,gfm-math-images-100k.md,4,0,True,255.087,3733184,0bebd662eb9da86b32b6abeaef10fe448a36d2a2a6aa629098ccd17b13f6cb9c,771478d23dc1d5ab205db29e23c97f4eb2e28d7a6ecf37cf87298b647bc42594
mdcat,ordinary-5k.md,3,0,True,49.647,11428,c429a89ebf3f2d3611c2373dab5ca160bc5e41c53c7ab1ac13bf6aa599ee93b3,0b7ad3f74990c566da95984bd29019d7c5399c2ac2995e08b1dd6c01d315731d
mdcat,gfm-math-images-100k.md,10,0,True,52.082,225462,c429a89ebf3f2d3611c2373dab5ca160bc5e41c53c7ab1ac13bf6aa599ee93b3,771478d23dc1d5ab205db29e23c97f4eb2e28d7a6ecf37cf87298b647bc42594
glow,stress-2m.md,6,0,True,5234.337,76148656,0bebd662eb9da86b32b6abeaef10fe448a36d2a2a6aa629098ccd17b13f6cb9c,009f32e8adcad5a962d96c6f864fb0412255cf4ed4b2b0c6aa0f684395daa23e
mdcat,stress-2m.md,7,0,True,409.731,4597574,c429a89ebf3f2d3611c2373dab5ca160bc5e41c53c7ab1ac13bf6aa599ee93b3,009f32e8adcad5a962d96c6f864fb0412255cf4ed4b2b0c6aa0f684395daa23e
glow,stress-2m.md,4,0,True,5326.322,76148656,0bebd662eb9da86b32b6abeaef10fe448a36d2a2a6aa629098ccd17b13f6cb9c,009f32e8adcad5a962d96c6f864fb0412255cf4ed4b2b0c6aa0f684395daa23e
mdcat,ordinary-5k.md,6,0,True,58.283,11428,c429a89ebf3f2d3611c2373dab5ca160bc5e41c53c7ab1ac13bf6aa599ee93b3,0b7ad3f74990c566da95984bd29019d7c5399c2ac2995e08b1dd6c01d315731d
glow,stress-2m.md,8,0,True,5284.37,76148656,0bebd662eb9da86b32b6abeaef10fe448a36d2a2a6aa629098ccd17b13f6cb9c,009f32e8adcad5a962d96c6f864fb0412255cf4ed4b2b0c6aa0f684395daa23e
mdcat,stress-2m.md,4,0,True,371.562,4597574,c429a89ebf3f2d3611c2373dab5ca160bc5e41c53c7ab1ac13bf6aa599ee93b3,009f32e8adcad5a962d96c6f864fb0412255cf4ed4b2b0c6aa0f684395daa23e
glow,ordinary-5k.md,6,0,True,75.268,188130,0bebd662eb9da86b32b6abeaef10fe448a36d2a2a6aa629098ccd17b13f6cb9c,0b7ad3f74990c566da95984bd29019d7c5399c2ac2995e08b1dd6c01d315731d
glow,stress-2m.md,2,0,True,5328.017,76148656,0bebd662eb9da86b32b6abeaef10fe448a36d2a2a6aa629098ccd17b13f6cb9c,009f32e8adcad5a962d96c6f864fb0412255cf4ed4b2b0c6aa0f684395daa23e
glow,ordinary-5k.md,7,0,True,62.658,188130,0bebd662eb9da86b32b6abeaef10fe448a36d2a2a6aa629098ccd17b13f6cb9c,0b7ad3f74990c566da95984bd29019d7c5399c2ac2995e08b1dd6c01d315731d
mdcat,gfm-math-images-100k.md,1,0,True,56.459,225462,c429a89ebf3f2d3611c2373dab5ca160bc5e41c53c7ab1ac13bf6aa599ee93b3,771478d23dc1d5ab205db29e23c97f4eb2e28d7a6ecf37cf87298b647bc42594
glow,ordinary-5k.md,3,0,True,61.846,188130,0bebd662eb9da86b32b6abeaef10fe448a36d2a2a6aa629098ccd17b13f6cb9c,0b7ad3f74990c566da95984bd29019d7c5399c2ac2995e08b1dd6c01d315731d
mdcat,gfm-math-images-100k.md,5,0,True,54.954,225462,c429a89ebf3f2d3611c2373dab5ca160bc5e41c53c7ab1ac13bf6aa599ee93b3,771478d23dc1d5ab205db29e23c97f4eb2e28d7a6ecf37cf87298b647bc42594
mdcat,stress-2m.md,1,0,True,376.396,4597574,c429a89ebf3f2d3611c2373dab5ca160bc5e41c53c7ab1ac13bf6aa599ee93b3,009f32e8adcad5a962d96c6f864fb0412255cf4ed4b2b0c6aa0f684395daa23e
mdcat,stress-2m.md,6,0,True,389.456,4597574,c429a89ebf3f2d3611c2373dab5ca160bc5e41c53c7ab1ac13bf6aa599ee93b3,009f32e8adcad5a962d96c6f864fb0412255cf4ed4b2b0c6aa0f684395daa23e
glow,gfm-math-images-100k.md,6,0,True,266.441,3733184,0bebd662eb9da86b32b6abeaef10fe448a36d2a2a6aa629098ccd17b13f6cb9c,771478d23dc1d5ab205db29e23c97f4eb2e28d7a6ecf37cf87298b647bc42594
mdcat,gfm-math-images-100k.md,4,0,True,56.094,225462,c429a89ebf3f2d3611c2373dab5ca160bc5e41c53c7ab1ac13bf6aa599ee93b3,771478d23dc1d5ab205db29e23c97f4eb2e28d7a6ecf37cf87298b647bc42594
mdcat,ordinary-5k.md,8,0,True,41.723,11428,c429a89ebf3f2d3611c2373dab5ca160bc5e41c53c7ab1ac13bf6aa599ee93b3,0b7ad3f74990c566da95984bd29019d7c5399c2ac2995e08b1dd6c01d315731d
mdcat,stress-2m.md,9,0,True,369.786,4597574,c429a89ebf3f2d3611c2373dab5ca160bc5e41c53c7ab1ac13bf6aa599ee93b3,009f32e8adcad5a962d96c6f864fb0412255cf4ed4b2b0c6aa0f684395daa23e
glow,stress-2m.md,5,0,True,5150.883,76148656,0bebd662eb9da86b32b6abeaef10fe448a36d2a2a6aa629098ccd17b13f6cb9c,009f32e8adcad5a962d96c6f864fb0412255cf4ed4b2b0c6aa0f684395daa23e
mdcat,stress-2m.md,2,0,True,386.573,4597574,c429a89ebf3f2d3611c2373dab5ca160bc5e41c53c7ab1ac13bf6aa599ee93b3,009f32e8adcad5a962d96c6f864fb0412255cf4ed4b2b0c6aa0f684395daa23e
glow,ordinary-5k.md,9,0,True,60.826,188130,0bebd662eb9da86b32b6abeaef10fe448a36d2a2a6aa629098ccd17b13f6cb9c,0b7ad3f74990c566da95984bd29019d7c5399c2ac2995e08b1dd6c01d315731d
mdcat,gfm-math-images-100k.md,9,0,True,61.336,225462,c429a89ebf3f2d3611c2373dab5ca160bc5e41c53c7ab1ac13bf6aa599ee93b3,771478d23dc1d5ab205db29e23c97f4eb2e28d7a6ecf37cf87298b647bc42594
glow,gfm-math-images-100k.md,1,0,True,256.383,3733184,0bebd662eb9da86b32b6abeaef10fe448a36d2a2a6aa629098ccd17b13f6cb9c,771478d23dc1d5ab205db29e23c97f4eb2e28d7a6ecf37cf87298b647bc42594
mdcat,ordinary-5k.md,1,0,True,41.322,11428,c429a89ebf3f2d3611c2373dab5ca160bc5e41c53c7ab1ac13bf6aa599ee93b3,0b7ad3f74990c566da95984bd29019d7c5399c2ac2995e08b1dd6c01d315731d
glow,stress-2m.md,7,0,True,5168.738,76148656,0bebd662eb9da86b32b6abeaef10fe448a36d2a2a6aa629098ccd17b13f6cb9c,009f32e8adcad5a962d96c6f864fb0412255cf4ed4b2b0c6aa0f684395daa23e
glow,ordinary-5k.md,4,0,True,66.258,188130,0bebd662eb9da86b32b6abeaef10fe448a36d2a2a6aa629098ccd17b13f6cb9c,0b7ad3f74990c566da95984bd29019d7c5399c2ac2995e08b1dd6c01d315731d
glow,stress-2m.md,10,0,True,5382.604,76148656,0bebd662eb9da86b32b6abeaef10fe448a36d2a2a6aa629098ccd17b13f6cb9c,009f32e8adcad5a962d96c6f864fb0412255cf4ed4b2b0c6aa0f684395daa23e
glow,stress-2m.md,1,0,True,5306.83,76148656,0bebd662eb9da86b32b6abeaef10fe448a36d2a2a6aa629098ccd17b13f6cb9c,009f32e8adcad5a962d96c6f864fb0412255cf4ed4b2b0c6aa0f684395daa23e
mdcat,ordinary-5k.md,4,0,True,38.678,11428,c429a89ebf3f2d3611c2373dab5ca160bc5e41c53c7ab1ac13bf6aa599ee93b3,0b7ad3f74990c566da95984bd29019d7c5399c2ac2995e08b1dd6c01d315731d
mdcat,stress-2m.md,10,0,True,365.932,4597574,c429a89ebf3f2d3611c2373dab5ca160bc5e41c53c7ab1ac13bf6aa599ee93b3,009f32e8adcad5a962d96c6f864fb0412255cf4ed4b2b0c6aa0f684395daa23e
mdcat,gfm-math-images-100k.md,2,0,True,64.285,225462,c429a89ebf3f2d3611c2373dab5ca160bc5e41c53c7ab1ac13bf6aa599ee93b3,771478d23dc1d5ab205db29e23c97f4eb2e28d7a6ecf37cf87298b647bc42594
mdcat,stress-2m.md,8,0,True,362.485,4597574,c429a89ebf3f2d3611c2373dab5ca160bc5e41c53c7ab1ac13bf6aa599ee93b3,009f32e8adcad5a962d96c6f864fb0412255cf4ed4b2b0c6aa0f684395daa23e
glow,ordinary-5k.md,8,0,True,54.752,188130,0bebd662eb9da86b32b6abeaef10fe448a36d2a2a6aa629098ccd17b13f6cb9c,0b7ad3f74990c566da95984bd29019d7c5399c2ac2995e08b1dd6c01d315731d
mdcat,ordinary-5k.md,9,0,True,35.874,11428,c429a89ebf3f2d3611c2373dab5ca160bc5e41c53c7ab1ac13bf6aa599ee93b3,0b7ad3f74990c566da95984bd29019d7c5399c2ac2995e08b1dd6c01d315731d
mdcat,gfm-math-images-100k.md,6,0,True,52.847,225462,c429a89ebf3f2d3611c2373dab5ca160bc5e41c53c7ab1ac13bf6aa599ee93b3,771478d23dc1d5ab205db29e23c97f4eb2e28d7a6ecf37cf87298b647bc42594
glow,gfm-math-images-100k.md,8,0,True,258.584,3733184,0bebd662eb9da86b32b6abeaef10fe448a36d2a2a6aa629098ccd17b13f6cb9c,771478d23dc1d5ab205db29e23c97f4eb2e28d7a6ecf37cf87298b647bc42594
mdcat,stress-2m.md,3,0,True,371.278,4597574,c429a89ebf3f2d3611c2373dab5ca160bc5e41c53c7ab1ac13bf6aa599ee93b3,009f32e8adcad5a962d96c6f864fb0412255cf4ed4b2b0c6aa0f684395daa23e
mdcat,ordinary-5k.md,2,0,True,42.931,11428,c429a89ebf3f2d3611c2373dab5ca160bc5e41c53c7ab1ac13bf6aa599ee93b3,0b7ad3f74990c566da95984bd29019d7c5399c2ac2995e08b1dd6c01d315731d
mdcat,gfm-math-images-100k.md,3,0,True,57.44,225462,c429a89ebf3f2d3611c2373dab5ca160bc5e41c53c7ab1ac13bf6aa599ee93b3,771478d23dc1d5ab205db29e23c97f4eb2e28d7a6ecf37cf87298b647bc42594
mdcat,stress-2m.md,5,0,True,393.549,4597574,c429a89ebf3f2d3611c2373dab5ca160bc5e41c53c7ab1ac13bf6aa599ee93b3,009f32e8adcad5a962d96c6f864fb0412255cf4ed4b2b0c6aa0f684395daa23e
glow,stress-2m.md,3,0,True,5303.712,76148656,0bebd662eb9da86b32b6abeaef10fe448a36d2a2a6aa629098ccd17b13f6cb9c,009f32e8adcad5a962d96c6f864fb0412255cf4ed4b2b0c6aa0f684395daa23e
glow,gfm-math-images-100k.md,2,0,True,262.014,3733184,0bebd662eb9da86b32b6abeaef10fe448a36d2a2a6aa629098ccd17b13f6cb9c,771478d23dc1d5ab205db29e23c97f4eb2e28d7a6ecf37cf87298b647bc42594
mdcat,gfm-math-images-100k.md,8,0,True,53.155,225462,c429a89ebf3f2d3611c2373dab5ca160bc5e41c53c7ab1ac13bf6aa599ee93b3,771478d23dc1d5ab205db29e23c97f4eb2e28d7a6ecf37cf87298b647bc42594
glow,ordinary-5k.md,2,0,True,84.13,188130,0bebd662eb9da86b32b6abeaef10fe448a36d2a2a6aa629098ccd17b13f6cb9c,0b7ad3f74990c566da95984bd29019d7c5399c2ac2995e08b1dd6c01d315731d
mdcat,ordinary-5k.md,7,0,True,40.486,11428,c429a89ebf3f2d3611c2373dab5ca160bc5e41c53c7ab1ac13bf6aa599ee93b3,0b7ad3f74990c566da95984bd29019d7c5399c2ac2995e08b1dd6c01d315731d
glow,images.md,4,0,True,53.41,47187,0bebd662eb9da86b32b6abeaef10fe448a36d2a2a6aa629098ccd17b13f6cb9c,5f37ffbf6cb09651723b404787caceef0c0a981b942242ae98566e4e034c9a1f
mdcat,images.md,7,0,True,16.75,3342,c429a89ebf3f2d3611c2373dab5ca160bc5e41c53c7ab1ac13bf6aa599ee93b3,5f37ffbf6cb09651723b404787caceef0c0a981b942242ae98566e4e034c9a1f
glow,images.md,2,0,True,55.029,47187,0bebd662eb9da86b32b6abeaef10fe448a36d2a2a6aa629098ccd17b13f6cb9c,5f37ffbf6cb09651723b404787caceef0c0a981b942242ae98566e4e034c9a1f
mdcat,images.md,8,0,True,10.953,3342,c429a89ebf3f2d3611c2373dab5ca160bc5e41c53c7ab1ac13bf6aa599ee93b3,5f37ffbf6cb09651723b404787caceef0c0a981b942242ae98566e4e034c9a1f
mdcat,images.md,9,0,True,12.096,3342,c429a89ebf3f2d3611c2373dab5ca160bc5e41c53c7ab1ac13bf6aa599ee93b3,5f37ffbf6cb09651723b404787caceef0c0a981b942242ae98566e4e034c9a1f
glow,images.md,10,0,True,56.233,47187,0bebd662eb9da86b32b6abeaef10fe448a36d2a2a6aa629098ccd17b13f6cb9c,5f37ffbf6cb09651723b404787caceef0c0a981b942242ae98566e4e034c9a1f
mdcat,images.md,3,0,True,11.442,3342,c429a89ebf3f2d3611c2373dab5ca160bc5e41c53c7ab1ac13bf6aa599ee93b3,5f37ffbf6cb09651723b404787caceef0c0a981b942242ae98566e4e034c9a1f
mdcat,images.md,4,0,True,15.243,3342,c429a89ebf3f2d3611c2373dab5ca160bc5e41c53c7ab1ac13bf6aa599ee93b3,5f37ffbf6cb09651723b404787caceef0c0a981b942242ae98566e4e034c9a1f
glow,images.md,5,0,True,53.34,47187,0bebd662eb9da86b32b6abeaef10fe448a36d2a2a6aa629098ccd17b13f6cb9c,5f37ffbf6cb09651723b404787caceef0c0a981b942242ae98566e4e034c9a1f
glow,images.md,8,0,True,43.91,47187,0bebd662eb9da86b32b6abeaef10fe448a36d2a2a6aa629098ccd17b13f6cb9c,5f37ffbf6cb09651723b404787caceef0c0a981b942242ae98566e4e034c9a1f
glow,images.md,6,0,True,43.408,47187,0bebd662eb9da86b32b6abeaef10fe448a36d2a2a6aa629098ccd17b13f6cb9c,5f37ffbf6cb09651723b404787caceef0c0a981b942242ae98566e4e034c9a1f
glow,images.md,7,0,True,51.492,47187,0bebd662eb9da86b32b6abeaef10fe448a36d2a2a6aa629098ccd17b13f6cb9c,5f37ffbf6cb09651723b404787caceef0c0a981b942242ae98566e4e034c9a1f
glow,images.md,9,0,True,49.599,47187,0bebd662eb9da86b32b6abeaef10fe448a36d2a2a6aa629098ccd17b13f6cb9c,5f37ffbf6cb09651723b404787caceef0c0a981b942242ae98566e4e034c9a1f
mdcat,images.md,6,0,True,12.801,3342,c429a89ebf3f2d3611c2373dab5ca160bc5e41c53c7ab1ac13bf6aa599ee93b3,5f37ffbf6cb09651723b404787caceef0c0a981b942242ae98566e4e034c9a1f
mdcat,images.md,1,0,True,9.547,3342,c429a89ebf3f2d3611c2373dab5ca160bc5e41c53c7ab1ac13bf6aa599ee93b3,5f37ffbf6cb09651723b404787caceef0c0a981b942242ae98566e4e034c9a1f
glow,images.md,3,0,True,53.338,47187,0bebd662eb9da86b32b6abeaef10fe448a36d2a2a6aa629098ccd17b13f6cb9c,5f37ffbf6cb09651723b404787caceef0c0a981b942242ae98566e4e034c9a1f
mdcat,images.md,5,0,True,10.491,3342,c429a89ebf3f2d3611c2373dab5ca160bc5e41c53c7ab1ac13bf6aa599ee93b3,5f37ffbf6cb09651723b404787caceef0c0a981b942242ae98566e4e034c9a1f
glow,images.md,1,0,True,48.255,47187,0bebd662eb9da86b32b6abeaef10fe448a36d2a2a6aa629098ccd17b13f6cb9c,5f37ffbf6cb09651723b404787caceef0c0a981b942242ae98566e4e034c9a1f
mdcat,images.md,2,0,True,10.873,3342,c429a89ebf3f2d3611c2373dab5ca160bc5e41c53c7ab1ac13bf6aa599ee93b3,5f37ffbf6cb09651723b404787caceef0c0a981b942242ae98566e4e034c9a1f
mdcat,images.md,10,0,True,11.69,3342,c429a89ebf3f2d3611c2373dab5ca160bc5e41c53c7ab1ac13bf6aa599ee93b3,5f37ffbf6cb09651723b404787caceef0c0a981b942242ae98566e4e034c9a1f
