"run","fixture","variant","helper_ms"
"1","flowchart","after-monokai-font","76.4637"
"1","flowchart","after-light","72.629"
"1","flowchart","after-monokai","76.882"
"1","flowchart","before","77.8618"
"1","sequence","after-monokai","77.5165"
"1","sequence","after-monokai-font","78.2285"
"1","sequence","before","77.6187"
"1","sequence","after-light","77.4042"
"2","flowchart","after-monokai","78.4942"
"2","flowchart","before","77.3993"
"2","flowchart","after-light","77.5347"
"2","flowchart","after-monokai-font","77.4118"
"2","sequence","after-monokai-font","76.4577"
"2","sequence","after-light","77.4903"
"2","sequence","after-monokai","77.7366"
"2","sequence","before","77.3559"
"3","flowchart","after-light","75.5727"
"3","flowchart","after-monokai","74.3469"
"3","flowchart","before","76.0713"
"3","flowchart","after-monokai-font","80.0272"
"3","sequence","before","76.0003"
"3","sequence","after-light","76.6925"
"3","sequence","after-monokai","77.0698"
"3","sequence","after-monokai-font","78.5137"
"4","flowchart","before","77.2347"
"4","flowchart","after-light","77.8598"
"4","flowchart","after-monokai","78.8948"
"4","flowchart","after-monokai-font","77.5884"
"4","sequence","before","77.8467"
"4","sequence","after-monokai-font","77.0394"
"4","sequence","after-monokai","77.6178"
"4","sequence","after-light","78.2747"
"5","flowchart","after-monokai","78.736"
"5","flowchart","after-light","74.8062"
"5","flowchart","before","75.9782"
"5","flowchart","after-monokai-font","77.8643"
"5","sequence","after-monokai","77.5196"
"5","sequence","after-monokai-font","77.3117"
"5","sequence","after-light","75.6151"
"5","sequence","before","77.9583"
"6","flowchart","after-light","77.7568"
"6","flowchart","before","76.3091"
"6","flowchart","after-monokai","83.5143"
"6","flowchart","after-monokai-font","72.4299"
"6","sequence","after-light","77.1039"
"6","sequence","before","77.4454"
"6","sequence","after-monokai-font","75.7485"
"6","sequence","after-monokai","77.0709"
"7","flowchart","before","78.6373"
"7","flowchart","after-monokai-font","70.6623"
"7","flowchart","after-monokai","79.6309"
"7","flowchart","after-light","79.533"
"7","sequence","before","79.5202"
"7","sequence","after-light","79.1307"
"7","sequence","after-monokai-font","77.3572"
"7","sequence","after-monokai","77.9806"
"8","flowchart","after-light","76.7435"
"8","flowchart","before","77.585"
"8","flowchart","after-monokai","79.524"
"8","flowchart","after-monokai-font","74.0214"
"8","sequence","after-monokai","77.4076"
"8","sequence","after-light","77.8898"
"8","sequence","after-monokai-font","76.5646"
"8","sequence","before","78.7989"
"9","flowchart","before","76.9977"
"9","flowchart","after-monokai-font","76.5034"
"9","flowchart","after-monokai","76.302"
"9","flowchart","after-light","78.6675"
"9","sequence","after-light","76.917"
"9","sequence","before","78.0023"
"9","sequence","after-monokai","78.5204"
"9","sequence","after-monokai-font","75.4814"
