"run","fixture","variant","exit_code","geometry_ms","first_tile_ms","total_ms","sampled_peak_working_set","width","height"
"1","large","tiles-display","0","42.8436","58.5218","169.2597","32706560","800","1010"
"1","large","tiles-full","0","38.5163","38.7704","336.6163","32444416","2357","2974"
"1","large","before","2",,,"92.9564","29728768",,
"1","small","tiles-full","0","24.7049","24.8607","73.0962","6709248","529","73"
"1","small","before","0","28.0725","77.7389","77.7389","19124224",,
"1","small","tiles-display","0","28.736","28.8425","79.0825","6742016","529","73"
"2","large","before","2",,,"90.7533","30011392",,
"2","large","tiles-display","0","43.1653","59.4267","171.0508","32862208","800","1010"
"2","large","tiles-full","0","41.7035","41.8442","354.7293","32747520","2357","2974"
"2","small","before","0","26.207","76.1256","76.1256","5287936",,
"2","small","tiles-display","0","27.6902","27.8332","76.4358","19099648","529","73"
"2","small","tiles-full","0","26.8621","26.9586","76.9281","6299648","529","73"
"3","large","tiles-full","0","41.8114","41.9691","340.9549","32751616","2357","2974"
"3","large","before","2",,,"91.6943","29556736",,
"3","large","tiles-display","0","44.0268","59.1558","171.9964","33103872","800","1010"
"3","small","tiles-display","0","25.9214","26.0138","75.8097","5201920","529","73"
"3","small","before","0","26.8058","76.6682","76.6682","6262784",,
"3","small","tiles-full","0","27.913","28.0014","77.2261","5566464","529","73"
"4","large","tiles-display","0","41.5757","56.6178","169.4192","32751616","800","1010"
"4","large","before","2",,,"91.4527","28430336",,
"4","large","tiles-full","0","42.3965","42.5048","348.8645","32915456","2357","2974"
"4","small","tiles-display","0","26.0683","26.1767","75.7377","5238784","529","73"
"4","small","before","0","25.7321","75.3813","75.3813","6107136",,
"4","small","tiles-full","0","27.8882","28.0206","78.8822","4927488","529","73"
"5","large","tiles-full","0","42.6137","42.7401","343.514","32911360","2357","2974"
"5","large","before","2",,,"93.0161","29786112",,
"5","large","tiles-display","0","39.468","70.444","169.3316","33271808","800","1010"
"5","small","tiles-display","0","27.3265","27.4734","77.0644","8163328","529","73"
"5","small","tiles-full","0","27.4454","27.5346","77.1351","6770688","529","73"
"5","small","before","0","28.0554","77.3304","77.3304","19038208",,
