fixture,variant,run,exit_code,geometry_ms,first_png_ms,complete_ms,width,height,binary_sha256,error
large,candidate-display,2,0,31.40170000551734,53.065000000060536,168.50040000281297,800,1010,2faa158ba1951797514e9fd5c01d3e19e2cbfd9daf400850f5e4bb6adfedf159,
small,candidate-display,5,0,14.422400010516867,20.421699999133125,77.67800000146963,529,73,2faa158ba1951797514e9fd5c01d3e19e2cbfd9daf400850f5e4bb6adfedf159,
small,candidate-natural,5,0,14.129700008197688,19.63340000656899,79.08450000104494,529,73,2faa158ba1951797514e9fd5c01d3e19e2cbfd9daf400850f5e4bb6adfedf159,
large,candidate-natural,3,0,30.838499995297752,36.31630000018049,348.2458999933442,2357,2974,2faa158ba1951797514e9fd5c01d3e19e2cbfd9daf400850f5e4bb6adfedf159,
small,baseline,2,0,,19.92170000448823,73.57609999598935,,,e9e5b69cc9b856a7d39a3647cb09983fec5aeaa4b11847112596475c6e1ab16b,
small,candidate-display,4,0,14.943699992727488,20.896999994874932,78.94789999409113,529,73,2faa158ba1951797514e9fd5c01d3e19e2cbfd9daf400850f5e4bb6adfedf159,
small,candidate-natural,4,0,14.537800001562573,20.00709999992978,79.91319999564439,529,73,2faa158ba1951797514e9fd5c01d3e19e2cbfd9daf400850f5e4bb6adfedf159,
large,baseline,1,2,,,100.421399998595,,,e9e5b69cc9b856a7d39a3647cb09983fec5aeaa4b11847112596475c6e1ab16b,Diagram exceeds 4 megapixel limit
large,candidate-natural,4,0,30.44919999956619,40.455399997881614,338.4346000093501,2357,2974,2faa158ba1951797514e9fd5c01d3e19e2cbfd9daf400850f5e4bb6adfedf159,
small,candidate-display,1,0,14.351000005262904,20.027699996717274,83.85229999839794,529,73,2faa158ba1951797514e9fd5c01d3e19e2cbfd9daf400850f5e4bb6adfedf159,
large,candidate-display,4,0,31.832299995585345,53.754900000058115,173.28819999238476,800,1010,2faa158ba1951797514e9fd5c01d3e19e2cbfd9daf400850f5e4bb6adfedf159,
large,baseline,3,2,,,118.74180000449996,,,e9e5b69cc9b856a7d39a3647cb09983fec5aeaa4b11847112596475c6e1ab16b,Diagram exceeds 4 megapixel limit
large,candidate-natural,5,0,39.85099999408703,45.39179999846965,423.21319998882245,2357,2974,2faa158ba1951797514e9fd5c01d3e19e2cbfd9daf400850f5e4bb6adfedf159,
large,candidate-natural,1,0,43.999100002110936,49.74240000592545,420.83820000698324,2357,2974,2faa158ba1951797514e9fd5c01d3e19e2cbfd9daf400850f5e4bb6adfedf159,
small,baseline,1,0,,21.181000003707595,87.87080000911374,,,e9e5b69cc9b856a7d39a3647cb09983fec5aeaa4b11847112596475c6e1ab16b,
large,candidate-display,5,0,48.79500000970438,71.16320000204723,197.12840000283904,800,1010,2faa158ba1951797514e9fd5c01d3e19e2cbfd9daf400850f5e4bb6adfedf159,
small,baseline,3,0,,20.638400004827417,80.68420000199694,,,e9e5b69cc9b856a7d39a3647cb09983fec5aeaa4b11847112596475c6e1ab16b,
small,candidate-display,2,0,21.827100004884414,27.840400012792088,93.00260001327842,529,73,2faa158ba1951797514e9fd5c01d3e19e2cbfd9daf400850f5e4bb6adfedf159,
small,baseline,5,0,,26.880299992626533,91.99339999759104,,,e9e5b69cc9b856a7d39a3647cb09983fec5aeaa4b11847112596475c6e1ab16b,
large,baseline,5,2,,,103.35609999310691,,,e9e5b69cc9b856a7d39a3647cb09983fec5aeaa4b11847112596475c6e1ab16b,Diagram exceeds 4 megapixel limit
small,baseline,4,0,,21.16109999769833,86.36549999937415,,,e9e5b69cc9b856a7d39a3647cb09983fec5aeaa4b11847112596475c6e1ab16b,
small,candidate-natural,3,0,21.702399986679666,21.702399986679666,82.31279999017715,529,73,2faa158ba1951797514e9fd5c01d3e19e2cbfd9daf400850f5e4bb6adfedf159,
large,candidate-display,1,0,42.96969999268185,81.50319999549538,195.2889999956824,800,1010,2faa158ba1951797514e9fd5c01d3e19e2cbfd9daf400850f5e4bb6adfedf159,
large,candidate-display,3,0,38.139500000397675,59.7154999995837,174.71690000093076,800,1010,2faa158ba1951797514e9fd5c01d3e19e2cbfd9daf400850f5e4bb6adfedf159,
large,baseline,4,2,,,107.91500000050291,,,e9e5b69cc9b856a7d39a3647cb09983fec5aeaa4b11847112596475c6e1ab16b,Diagram exceeds 4 megapixel limit
large,baseline,2,2,,,109.81409999658354,,,e9e5b69cc9b856a7d39a3647cb09983fec5aeaa4b11847112596475c6e1ab16b,Diagram exceeds 4 megapixel limit
large,candidate-natural,2,0,48.2895000022836,53.96099999779835,397.72130000346806,2357,2974,2faa158ba1951797514e9fd5c01d3e19e2cbfd9daf400850f5e4bb6adfedf159,
small,candidate-natural,2,0,22.0738999923924,28.229999996256083,82.04920000571292,529,73,2faa158ba1951797514e9fd5c01d3e19e2cbfd9daf400850f5e4bb6adfedf159,
small,candidate-natural,1,0,20.660800000769086,26.7186999990372,97.5083000084851,529,73,2faa158ba1951797514e9fd5c01d3e19e2cbfd9daf400850f5e4bb6adfedf159,
small,candidate-display,3,0,14.818700001342222,14.818700001342222,74.64200000686105,529,73,2faa158ba1951797514e9fd5c01d3e19e2cbfd9daf400850f5e4bb6adfedf159,
