variant,fixture,run,binary_sha256,fixture_sha256,scroll_median_ms,scroll_p95_ms,final_scroll_offset
candidate,images.md,2,8dccda04a3db7a67b9d79090fd4ac76e9d0e65391f87facc947aa33352704124,015a036f79e898376ecf2804faa5ae65caf46e376e9a60a2517fb0bb6469c131,0.1164,0.6292,8358.706
candidate,gfm-math-images-100k.md,3,8dccda04a3db7a67b9d79090fd4ac76e9d0e65391f87facc947aa33352704124,771478d23dc1d5ab205db29e23c97f4eb2e28d7a6ecf37cf87298b647bc42594,15.120700000000001,16.9462,8358.706
baseline,images.md,3,ee48ca0738ffe87511a562d62c394679d77b52339b67e07880712f37bf323237,015a036f79e898376ecf2804faa5ae65caf46e376e9a60a2517fb0bb6469c131,0.4452,1.0709,8358.706
candidate,images.md,5,8dccda04a3db7a67b9d79090fd4ac76e9d0e65391f87facc947aa33352704124,015a036f79e898376ecf2804faa5ae65caf46e376e9a60a2517fb0bb6469c131,0.4387,0.8124,8358.706
baseline,images.md,2,ee48ca0738ffe87511a562d62c394679d77b52339b67e07880712f37bf323237,015a036f79e898376ecf2804faa5ae65caf46e376e9a60a2517fb0bb6469c131,0.38630000000000003,0.8352999999999999,8358.706
baseline,ordinary-5k.md,3,ee48ca0738ffe87511a562d62c394679d77b52339b67e07880712f37bf323237,0b7ad3f74990c566da95984bd29019d7c5399c2ac2995e08b1dd6c01d315731d,1.0727,1.5954000000000002,4500
candidate,gfm-math-images-100k.md,4,8dccda04a3db7a67b9d79090fd4ac76e9d0e65391f87facc947aa33352704124,771478d23dc1d5ab205db29e23c97f4eb2e28d7a6ecf37cf87298b647bc42594,9.274,14.072,8358.706
baseline,stress-2m.md,2,ee48ca0738ffe87511a562d62c394679d77b52339b67e07880712f37bf323237,009f32e8adcad5a962d96c6f864fb0412255cf4ed4b2b0c6aa0f684395daa23e,241.0524,293.8371,8358.706
candidate,stress-2m.md,5,8dccda04a3db7a67b9d79090fd4ac76e9d0e65391f87facc947aa33352704124,009f32e8adcad5a962d96c6f864fb0412255cf4ed4b2b0c6aa0f684395daa23e,241.1354,294.1315,8358.706
candidate,gfm-math-images-100k.md,5,8dccda04a3db7a67b9d79090fd4ac76e9d0e65391f87facc947aa33352704124,771478d23dc1d5ab205db29e23c97f4eb2e28d7a6ecf37cf87298b647bc42594,8.597999999999999,9.7613,8358.706
candidate,gfm-math-images-100k.md,2,8dccda04a3db7a67b9d79090fd4ac76e9d0e65391f87facc947aa33352704124,771478d23dc1d5ab205db29e23c97f4eb2e28d7a6ecf37cf87298b647bc42594,8.6929,14.1813,8358.706
baseline,images.md,5,ee48ca0738ffe87511a562d62c394679d77b52339b67e07880712f37bf323237,015a036f79e898376ecf2804faa5ae65caf46e376e9a60a2517fb0bb6469c131,0.25789999999999996,0.6829,8358.706
candidate,stress-2m.md,1,8dccda04a3db7a67b9d79090fd4ac76e9d0e65391f87facc947aa33352704124,009f32e8adcad5a962d96c6f864fb0412255cf4ed4b2b0c6aa0f684395daa23e,241.98590000000002,404.2227,8358.706
baseline,ordinary-5k.md,4,ee48ca0738ffe87511a562d62c394679d77b52339b67e07880712f37bf323237,0b7ad3f74990c566da95984bd29019d7c5399c2ac2995e08b1dd6c01d315731d,1.2712999999999999,1.4222,4500
baseline,stress-2m.md,4,ee48ca0738ffe87511a562d62c394679d77b52339b67e07880712f37bf323237,009f32e8adcad5a962d96c6f864fb0412255cf4ed4b2b0c6aa0f684395daa23e,237.3564,287.0737,8358.706
baseline,ordinary-5k.md,1,ee48ca0738ffe87511a562d62c394679d77b52339b67e07880712f37bf323237,0b7ad3f74990c566da95984bd29019d7c5399c2ac2995e08b1dd6c01d315731d,0.4727,0.9029,4500
candidate,images.md,3,8dccda04a3db7a67b9d79090fd4ac76e9d0e65391f87facc947aa33352704124,015a036f79e898376ecf2804faa5ae65caf46e376e9a60a2517fb0bb6469c131,0.13119999999999998,0.8749,8358.706
candidate,ordinary-5k.md,3,8dccda04a3db7a67b9d79090fd4ac76e9d0e65391f87facc947aa33352704124,0b7ad3f74990c566da95984bd29019d7c5399c2ac2995e08b1dd6c01d315731d,0.4562,0.8476999999999999,4500
candidate,images.md,1,8dccda04a3db7a67b9d79090fd4ac76e9d0e65391f87facc947aa33352704124,015a036f79e898376ecf2804faa5ae65caf46e376e9a60a2517fb0bb6469c131,0.1688,0.5046,8358.706
candidate,images.md,4,8dccda04a3db7a67b9d79090fd4ac76e9d0e65391f87facc947aa33352704124,015a036f79e898376ecf2804faa5ae65caf46e376e9a60a2517fb0bb6469c131,0.1212,0.3441,8358.706
baseline,gfm-math-images-100k.md,4,ee48ca0738ffe87511a562d62c394679d77b52339b67e07880712f37bf323237,771478d23dc1d5ab205db29e23c97f4eb2e28d7a6ecf37cf87298b647bc42594,8.7375,11.015699999999999,8358.706
baseline,images.md,4,ee48ca0738ffe87511a562d62c394679d77b52339b67e07880712f37bf323237,015a036f79e898376ecf2804faa5ae65caf46e376e9a60a2517fb0bb6469c131,0.2576,0.3654,8358.706
candidate,ordinary-5k.md,5,8dccda04a3db7a67b9d79090fd4ac76e9d0e65391f87facc947aa33352704124,0b7ad3f74990c566da95984bd29019d7c5399c2ac2995e08b1dd6c01d315731d,0.4601,0.9715,4500
baseline,stress-2m.md,1,ee48ca0738ffe87511a562d62c394679d77b52339b67e07880712f37bf323237,009f32e8adcad5a962d96c6f864fb0412255cf4ed4b2b0c6aa0f684395daa23e,243.2587,399.9328,8358.706
baseline,gfm-math-images-100k.md,2,ee48ca0738ffe87511a562d62c394679d77b52339b67e07880712f37bf323237,771478d23dc1d5ab205db29e23c97f4eb2e28d7a6ecf37cf87298b647bc42594,15.4433,16.9618,8358.706
candidate,stress-2m.md,3,8dccda04a3db7a67b9d79090fd4ac76e9d0e65391f87facc947aa33352704124,009f32e8adcad5a962d96c6f864fb0412255cf4ed4b2b0c6aa0f684395daa23e,235.8697,238.17669999999998,8358.706
baseline,stress-2m.md,5,ee48ca0738ffe87511a562d62c394679d77b52339b67e07880712f37bf323237,009f32e8adcad5a962d96c6f864fb0412255cf4ed4b2b0c6aa0f684395daa23e,240.58350000000002,288.8828,8358.706
baseline,gfm-math-images-100k.md,1,ee48ca0738ffe87511a562d62c394679d77b52339b67e07880712f37bf323237,771478d23dc1d5ab205db29e23c97f4eb2e28d7a6ecf37cf87298b647bc42594,8.4069,9.967,8358.706
baseline,ordinary-5k.md,2,ee48ca0738ffe87511a562d62c394679d77b52339b67e07880712f37bf323237,0b7ad3f74990c566da95984bd29019d7c5399c2ac2995e08b1dd6c01d315731d,0.4518,0.7791,4500
candidate,stress-2m.md,2,8dccda04a3db7a67b9d79090fd4ac76e9d0e65391f87facc947aa33352704124,009f32e8adcad5a962d96c6f864fb0412255cf4ed4b2b0c6aa0f684395daa23e,242.5973,323.6736,8358.706
candidate,ordinary-5k.md,2,8dccda04a3db7a67b9d79090fd4ac76e9d0e65391f87facc947aa33352704124,0b7ad3f74990c566da95984bd29019d7c5399c2ac2995e08b1dd6c01d315731d,0.4554,0.8885,4500
baseline,ordinary-5k.md,5,ee48ca0738ffe87511a562d62c394679d77b52339b67e07880712f37bf323237,0b7ad3f74990c566da95984bd29019d7c5399c2ac2995e08b1dd6c01d315731d,0.45780000000000004,1.1513,4500
baseline,stress-2m.md,3,ee48ca0738ffe87511a562d62c394679d77b52339b67e07880712f37bf323237,009f32e8adcad5a962d96c6f864fb0412255cf4ed4b2b0c6aa0f684395daa23e,240.12910000000002,407.29789999999997,8358.706
baseline,gfm-math-images-100k.md,5,ee48ca0738ffe87511a562d62c394679d77b52339b67e07880712f37bf323237,771478d23dc1d5ab205db29e23c97f4eb2e28d7a6ecf37cf87298b647bc42594,14.2047,16.1004,8358.706
baseline,gfm-math-images-100k.md,3,ee48ca0738ffe87511a562d62c394679d77b52339b67e07880712f37bf323237,771478d23dc1d5ab205db29e23c97f4eb2e28d7a6ecf37cf87298b647bc42594,13.264,16.8617,8358.706
candidate,gfm-math-images-100k.md,1,8dccda04a3db7a67b9d79090fd4ac76e9d0e65391f87facc947aa33352704124,771478d23dc1d5ab205db29e23c97f4eb2e28d7a6ecf37cf87298b647bc42594,8.3967,11.456600000000002,8358.706
candidate,stress-2m.md,4,8dccda04a3db7a67b9d79090fd4ac76e9d0e65391f87facc947aa33352704124,009f32e8adcad5a962d96c6f864fb0412255cf4ed4b2b0c6aa0f684395daa23e,242.407,284.4108,8358.706
candidate,ordinary-5k.md,4,8dccda04a3db7a67b9d79090fd4ac76e9d0e65391f87facc947aa33352704124,0b7ad3f74990c566da95984bd29019d7c5399c2ac2995e08b1dd6c01d315731d,0.4763,0.9195,4500
candidate,ordinary-5k.md,1,8dccda04a3db7a67b9d79090fd4ac76e9d0e65391f87facc947aa33352704124,0b7ad3f74990c566da95984bd29019d7c5399c2ac2995e08b1dd6c01d315731d,0.5191,1.3108,4500
baseline,images.md,1,ee48ca0738ffe87511a562d62c394679d77b52339b67e07880712f37bf323237,015a036f79e898376ecf2804faa5ae65caf46e376e9a60a2517fb0bb6469c131,0.2456,0.5917,8358.706
